{
"perimeter_ID": "BE_666",
"features": [
{ "type": "Feature", "properties": { "MNE_ID": 666, "OBJECTID": 6, "WERK_NR": 6, "WERKART": "Aluschneebruecke", "BAUJAHR": 1956 }, "geometry": { "type": "LineString", "coordinates": [ [ 7.522668626384198, 46.456853784219412 ], [ 7.522578784650412, 46.456828763899892 ] ] } },
{ "type": "Feature", "properties": { "MNE_ID": 666, "OBJECTID": 1, "WERK_NR": 1, "WERKART": "Stahlschneebruecke", "BAUJAHR": 1968 }, "geometry": { "type": "LineString", "coordinates": [ [ 7.52302388196445, 46.457077043961895 ], [ 7.522981304860308, 46.457057212940633 ] ] } },
{ "type": "Feature", "properties": { "MNE_ID": 666, "OBJECTID": 2, "WERK_NR": 2, "WERKART": "Stahlschneebruecke", "BAUJAHR": 1968 }, "geometry": { "type": "LineString", "coordinates": [ [ 7.52296117550794, 46.457047350545679 ], [ 7.522896640231404, 46.457016750779864 ] ] } },
{ "type": "Feature", "properties": { "MNE_ID": 666, "OBJECTID": 3, "WERK_NR": 3, "WERKART": "Aluschneebruecke", "BAUJAHR": 1956 }, "geometry": { "type": "LineString", "coordinates": [ [ 7.522905906899058, 46.456995807562905 ], [ 7.522826954908193, 46.456965262425122 ] ] } },
{ "type": "Feature", "properties": { "MNE_ID": 666, "OBJECTID": 4, "WERK_NR": 4, "WERKART": "Aluschneebruecke", "BAUJAHR": 1956 }, "geometry": { "type": "LineString", "coordinates": [ [ 7.522819641891677, 46.456962434170791 ], [ 7.522740853300807, 46.45693143097607 ] ] } },
{ "type": "Feature", "properties": { "MNE_ID": 666, "OBJECTID": 5, "WERK_NR": 5, "WERKART": "Aluschneebruecke", "BAUJAHR": 1956 }, "geometry": { "type": "LineString", "coordinates": [ [ 7.522739382016313, 46.456914183849271 ], [ 7.522655912400806, 46.456878626845132 ] ] } },
{ "type": "Feature", "properties": { "MNE_ID": 666, "OBJECTID": 7, "WERK_NR": 7, "WERKART": "Aluschneebruecke", "BAUJAHR": 1956 }, "geometry": { "type": "LineString", "coordinates": [ [ 7.522562039781819, 46.456827457392421 ], [ 7.522466867566321, 46.456818339745737 ] ] } },
{ "type": "Feature", "properties": { "MNE_ID": 666, "OBJECTID": 8, "WERK_NR": 8, "WERKART": "Aluschneebruecke", "BAUJAHR": 1956 }, "geometry": { "type": "LineString", "coordinates": [ [ 7.52246177732545, 46.456823728244309 ], [ 7.522366219361736, 46.45680832735318 ] ] } },
{ "type": "Feature", "properties": { "MNE_ID": 666, "OBJECTID": 9, "WERK_NR": 9, "WERKART": "Aluschneebruecke", "BAUJAHR": 1956 }, "geometry": { "type": "LineString", "coordinates": [ [ 7.522357932364259, 46.456807788266104 ], [ 7.522289070044684, 46.456795255420722 ] ] } },
{ "type": "Feature", "properties": { "MNE_ID": 666, "OBJECTID": 10, "WERK_NR": 10, "WERKART": "Aluschneebruecke", "BAUJAHR": 1956 }, "geometry": { "type": "LineString", "coordinates": [ [ 7.522274758453068, 46.456807078005859 ], [ 7.522179342172764, 46.456788934088983 ] ] } },
{ "type": "Feature", "properties": { "MNE_ID": 666, "OBJECTID": 11, "WERK_NR": 11, "WERKART": "Aluschneebruecke", "BAUJAHR": 1956 }, "geometry": { "type": "LineString", "coordinates": [ [ 7.522174028340579, 46.456787698361488 ], [ 7.522087527868425, 46.456765862369068 ] ] } },
{ "type": "Feature", "properties": { "MNE_ID": 666, "OBJECTID": 12, "WERK_NR": 12, "WERKART": "Stahlschneebruecke", "BAUJAHR": 1977 }, "geometry": { "type": "LineString", "coordinates": [ [ 7.522965675275812, 46.457227500757867 ], [ 7.522907550116507, 46.457190822442186 ] ] } },
{ "type": "Feature", "properties": { "MNE_ID": 666, "OBJECTID": 13, "WERK_NR": 13, "WERKART": "Stahlschneebruecke", "BAUJAHR": 1977 }, "geometry": { "type": "LineString", "coordinates": [ [ 7.522887396637482, 46.45717799059716 ], [ 7.522848419548374, 46.457152891744691 ] ] } },
{ "type": "Feature", "properties": { "MNE_ID": 666, "OBJECTID": 14, "WERK_NR": 14, "WERKART": "Stahlschneebruecke", "BAUJAHR": 1968 }, "geometry": { "type": "LineString", "coordinates": [ [ 7.522829270281288, 46.457141311342681 ], [ 7.522789962808322, 46.457116328756143 ] ] } },
{ "type": "Feature", "properties": { "MNE_ID": 666, "OBJECTID": 15, "WERK_NR": 15, "WERKART": "Aluschneebruecke", "BAUJAHR": 1957 }, "geometry": { "type": "LineString", "coordinates": [ [ 7.522783310475097, 46.457113155482503 ], [ 7.522699839476721, 46.457076915743919 ] ] } },
{ "type": "Feature", "properties": { "MNE_ID": 666, "OBJECTID": 16, "WERK_NR": 16, "WERKART": "Aluschneebruecke", "BAUJAHR": 1956 }, "geometry": { "type": "LineString", "coordinates": [ [ 7.522733989210146, 46.457040454848901 ], [ 7.522659949161063, 46.457022343340952 ] ] } },
{ "type": "Feature", "properties": { "MNE_ID": 666, "OBJECTID": 17, "WERK_NR": 17, "WERKART": "Aluschneebruecke", "BAUJAHR": 1956 }, "geometry": { "type": "LineString", "coordinates": [ [ 7.522654955821455, 46.45701962132452 ], [ 7.522564112245876, 46.456993348636871 ] ] } },
{ "type": "Feature", "properties": { "MNE_ID": 666, "OBJECTID": 18, "WERK_NR": 18, "WERKART": "Aluschneebruecke", "BAUJAHR": 1956 }, "geometry": { "type": "LineString", "coordinates": [ [ 7.522557957336781, 46.45699028743141 ], [ 7.522486016610658, 46.456965999679454 ] ] } },
{ "type": "Feature", "properties": { "MNE_ID": 666, "OBJECTID": 19, "WERK_NR": 19, "WERKART": "Aluschneebruecke", "BAUJAHR": 1956 }, "geometry": { "type": "LineString", "coordinates": [ [ 7.522477067233403, 46.456965576229152 ], [ 7.522403841397013, 46.456946091227209 ] ] } },
{ "type": "Feature", "properties": { "MNE_ID": 666, "OBJECTID": 20, "WERK_NR": 20, "WERKART": "Aluschneebruecke", "BAUJAHR": 1956 }, "geometry": { "type": "LineString", "coordinates": [ [ 7.522399340694259, 46.456942910063134 ], [ 7.522324970627818, 46.456925028865534 ] ] } },
{ "type": "Feature", "properties": { "MNE_ID": 666, "OBJECTID": 21, "WERK_NR": 21, "WERKART": "Aluschneebruecke", "BAUJAHR": 1956 }, "geometry": { "type": "LineString", "coordinates": [ [ 7.522319824862472, 46.456923906367138 ], [ 7.522243896884318, 46.456918027311787 ] ] } },
{ "type": "Feature", "properties": { "MNE_ID": 666, "OBJECTID": 22, "WERK_NR": 22, "WERKART": "Aluschneebruecke", "BAUJAHR": 1956 }, "geometry": { "type": "LineString", "coordinates": [ [ 7.522238086769518, 46.456916564359744 ], [ 7.52214693042024, 46.456912001599775 ] ] } },
{ "type": "Feature", "properties": { "MNE_ID": 666, "OBJECTID": 23, "WERK_NR": 23, "WERKART": "Schneenetz", "BAUJAHR": 1956 }, "geometry": { "type": "LineString", "coordinates": [ [ 7.522131051048966, 46.456914918742719 ], [ 7.522074858444325, 46.45689193982593 ] ] } },
{ "type": "Feature", "properties": { "MNE_ID": 666, "OBJECTID": 24, "WERK_NR": 24, "WERKART": "Schneenetz", "BAUJAHR": 1956 }, "geometry": { "type": "LineString", "coordinates": [ [ 7.522074858444325, 46.45689193982593 ], [ 7.522016854811446, 46.456870338527629 ] ] } },
{ "type": "Feature", "properties": { "MNE_ID": 666, "OBJECTID": 25, "WERK_NR": 25, "WERKART": "Schneenetz", "BAUJAHR": 1956 }, "geometry": { "type": "LineString", "coordinates": [ [ 7.522016854811446, 46.456870338527629 ], [ 7.521959985975838, 46.456845990911766 ] ] } },
{ "type": "Feature", "properties": { "MNE_ID": 666, "OBJECTID": 27, "WERK_NR": 27, "WERKART": "Stahlschneebruecke", "BAUJAHR": 1977 }, "geometry": { "type": "LineString", "coordinates": [ [ 7.522697423597272, 46.457182945310322 ], [ 7.522655641078548, 46.457159228375687 ] ] } },
{ "type": "Feature", "properties": { "MNE_ID": 666, "OBJECTID": 26, "WERK_NR": 26, "WERKART": "Stahlschneebruecke", "BAUJAHR": 1977 }, "geometry": { "type": "LineString", "coordinates": [ [ 7.522755228855098, 46.457220766412121 ], [ 7.522717570426915, 46.457194865037991 ] ] } },
{ "type": "Feature", "properties": { "MNE_ID": 666, "OBJECTID": 28, "WERK_NR": 28, "WERKART": "Stahlschneebruecke", "BAUJAHR": 1977 }, "geometry": { "type": "LineString", "coordinates": [ [ 7.522651465635413, 46.457135596336741 ], [ 7.522574352800701, 46.457126296435518 ] ] } },
{ "type": "Feature", "properties": { "MNE_ID": 666, "OBJECTID": 29, "WERK_NR": 29, "WERKART": "Stahlschneebruecke", "BAUJAHR": 1977 }, "geometry": { "type": "LineString", "coordinates": [ [ 7.522547323292443, 46.457123085880426 ], [ 7.522498502920533, 46.457109564275576 ] ] } },
{ "type": "Feature", "properties": { "MNE_ID": 666, "OBJECTID": 30, "WERK_NR": 30, "WERKART": "Stahlschneebruecke", "BAUJAHR": 1977 }, "geometry": { "type": "LineString", "coordinates": [ [ 7.522474417402907, 46.457101887923486 ], [ 7.522427408487682, 46.457087215323867 ] ] } },
{ "type": "Feature", "properties": { "MNE_ID": 666, "OBJECTID": 31, "WERK_NR": 31, "WERKART": "Stahlschneebruecke", "BAUJAHR": 1977 }, "geometry": { "type": "LineString", "coordinates": [ [ 7.522403664636397, 46.457080794496072 ], [ 7.522352559580421, 46.457071279347382 ] ] } },
{ "type": "Feature", "properties": { "MNE_ID": 666, "OBJECTID": 32, "WERK_NR": 32, "WERKART": "Stahlschneebruecke", "BAUJAHR": 1977 }, "geometry": { "type": "LineString", "coordinates": [ [ 7.522327181181887, 46.457067606059631 ], [ 7.522276418143836, 46.457059574904775 ] ] } },
{ "type": "Feature", "properties": { "MNE_ID": 666, "OBJECTID": 33, "WERK_NR": 33, "WERKART": "Stahlschneebruecke", "BAUJAHR": 1977 }, "geometry": { "type": "LineString", "coordinates": [ [ 7.522250871149256, 46.457055445644791 ], [ 7.522199299052883, 46.457049473243394 ] ] } },
{ "type": "Feature", "properties": { "MNE_ID": 666, "OBJECTID": 34, "WERK_NR": 34, "WERKART": "Stahlschneebruecke", "BAUJAHR": 1977 }, "geometry": { "type": "LineString", "coordinates": [ [ 7.522173761794538, 46.457046600647338 ], [ 7.522123494197755, 46.457038225430601 ] ] } },
{ "type": "Feature", "properties": { "MNE_ID": 666, "OBJECTID": 35, "WERK_NR": 35, "WERKART": "Stahlschneebruecke", "BAUJAHR": 1977 }, "geometry": { "type": "LineString", "coordinates": [ [ 7.522099763253103, 46.457033403951399 ], [ 7.522050940293795, 46.457019766112452 ] ] } },
{ "type": "Feature", "properties": { "MNE_ID": 666, "OBJECTID": 36, "WERK_NR": 36, "WERKART": "Stahlschneebruecke", "BAUJAHR": 1977 }, "geometry": { "type": "LineString", "coordinates": [ [ 7.522028836560227, 46.457011624050899 ], [ 7.521986913722647, 46.456991220059621 ] ] } },
{ "type": "Feature", "properties": { "MNE_ID": 666, "OBJECTID": 37, "WERK_NR": 37, "WERKART": "Stahlschneebruecke", "BAUJAHR": 1977 }, "geometry": { "type": "LineString", "coordinates": [ [ 7.521964126915668, 46.45698068294768 ], [ 7.521918258899021, 46.456963719922861 ] ] } },
{ "type": "Feature", "properties": { "MNE_ID": 666, "OBJECTID": 38, "WERK_NR": 38, "WERKART": "Stahlschneebruecke", "BAUJAHR": 1977 }, "geometry": { "type": "LineString", "coordinates": [ [ 7.521898807141739, 46.456955911447736 ], [ 7.521853923110768, 46.456938031928544 ] ] } },
{ "type": "Feature", "properties": { "MNE_ID": 666, "OBJECTID": 39, "WERK_NR": 39, "WERKART": "Stahlschneerechen", "BAUJAHR": 1977 }, "geometry": { "type": "LineString", "coordinates": [ [ 7.522726776382376, 46.457303928405771 ], [ 7.522688460333271, 46.457278713869933 ] ] } },
{ "type": "Feature", "properties": { "MNE_ID": 666, "OBJECTID": 40, "WERK_NR": 40, "WERKART": "Stahlschneerechen", "BAUJAHR": 1977 }, "geometry": { "type": "LineString", "coordinates": [ [ 7.522670823155677, 46.457269414522663 ], [ 7.522628733869718, 46.457248554812253 ] ] } },
{ "type": "Feature", "properties": { "MNE_ID": 666, "OBJECTID": 41, "WERK_NR": 41, "WERKART": "Stahlschneerechen", "BAUJAHR": 1977 }, "geometry": { "type": "LineString", "coordinates": [ [ 7.522606802650389, 46.457240985758069 ], [ 7.522559120964465, 46.45722483122691 ] ] } },
{ "type": "Feature", "properties": { "MNE_ID": 666, "OBJECTID": 42, "WERK_NR": 42, "WERKART": "Stahlschneerechen", "BAUJAHR": 1977 }, "geometry": { "type": "LineString", "coordinates": [ [ 7.522536188711266, 46.457216351634877 ], [ 7.52248900446704, 46.457200310055313 ] ] } },
{ "type": "Feature", "properties": { "MNE_ID": 666, "OBJECTID": 43, "WERK_NR": 43, "WERKART": "Stahlschneerechen", "BAUJAHR": 1977 }, "geometry": { "type": "LineString", "coordinates": [ [ 7.5224639229886, 46.457192523782808 ], [ 7.522414455679415, 46.457180717179973 ] ] } },
{ "type": "Feature", "properties": { "MNE_ID": 666, "OBJECTID": 44, "WERK_NR": 44, "WERKART": "Stahlschneerechen", "BAUJAHR": 1977 }, "geometry": { "type": "LineString", "coordinates": [ [ 7.522388897587777, 46.457175333069905 ], [ 7.522337471384336, 46.457166960592865 ] ] } },
{ "type": "Feature", "properties": { "MNE_ID": 666, "OBJECTID": 45, "WERK_NR": 45, "WERKART": "Stahlschneerechen", "BAUJAHR": 1977 }, "geometry": { "type": "LineString", "coordinates": [ [ 7.522310775612131, 46.457164092471032 ], [ 7.5222585928979, 46.457164064848683 ] ] } },
{ "type": "Feature", "properties": { "MNE_ID": 666, "OBJECTID": 46, "WERK_NR": 46, "WERKART": "Stahlschneebruecke", "BAUJAHR": 1979 }, "geometry": { "type": "LineString", "coordinates": [ [ 7.522231411284587, 46.457162683139032 ], [ 7.522178535736915, 46.457159001963078 ] ] } },
{ "type": "Feature", "properties": { "MNE_ID": 666, "OBJECTID": 47, "WERK_NR": 47, "WERKART": "Aluschneebruecke", "BAUJAHR": 1957 }, "geometry": { "type": "LineString", "coordinates": [ [ 7.522169908870328, 46.45715755005417 ], [ 7.522079881226755, 46.457149097611008 ] ] } },
{ "type": "Feature", "properties": { "MNE_ID": 666, "OBJECTID": 48, "WERK_NR": 48, "WERKART": "Aluschneebruecke", "BAUJAHR": 1957 }, "geometry": { "type": "LineString", "coordinates": [ [ 7.52207242661725, 46.457149012176522 ], [ 7.522014875887436, 46.457141235019293 ] ] } },
{ "type": "Feature", "properties": { "MNE_ID": 666, "OBJECTID": 49, "WERK_NR": 49, "WERKART": "Aluschneebruecke", "BAUJAHR": 1957 }, "geometry": { "type": "LineString", "coordinates": [ [ 7.522008422495852, 46.457142174353947 ], [ 7.52195216212722, 46.457130394075108 ] ] } },
{ "type": "Feature", "properties": { "MNE_ID": 666, "OBJECTID": 50, "WERK_NR": 50, "WERKART": "Aluschneebruecke", "BAUJAHR": 1957 }, "geometry": { "type": "LineString", "coordinates": [ [ 7.521947845486628, 46.457129267359491 ], [ 7.521891596165193, 46.457118743730994 ] ] } },
{ "type": "Feature", "properties": { "MNE_ID": 666, "OBJECTID": 51, "WERK_NR": 51, "WERKART": "Aluschneebruecke", "BAUJAHR": 1957 }, "geometry": { "type": "LineString", "coordinates": [ [ 7.521886114830148, 46.457116936889577 ], [ 7.52179235094819, 46.457097760549829 ] ] } },
{ "type": "Feature", "properties": { "MNE_ID": 666, "OBJECTID": 52, "WERK_NR": 52, "WERKART": "Stahlschneebruecke", "BAUJAHR": 1979 }, "geometry": { "type": "LineString", "coordinates": [ [ 7.523002528897374, 46.457532023136238 ], [ 7.522975590576401, 46.457500256014619 ] ] } },
{ "type": "Feature", "properties": { "MNE_ID": 666, "OBJECTID": 53, "WERK_NR": 53, "WERKART": "Stahlschneebruecke", "BAUJAHR": 1966 }, "geometry": { "type": "LineString", "coordinates": [ [ 7.522961394285602, 46.457486374511724 ], [ 7.522924068793649, 46.45746047206179 ] ] } },
{ "type": "Feature", "properties": { "MNE_ID": 666, "OBJECTID": 54, "WERK_NR": 54, "WERKART": "Stahlschneebruecke", "BAUJAHR": 1966 }, "geometry": { "type": "LineString", "coordinates": [ [ 7.522919585148868, 46.457459119715722 ], [ 7.522875866459535, 46.457441124600415 ] ] } },
{ "type": "Feature", "properties": { "MNE_ID": 666, "OBJECTID": 55, "WERK_NR": 55, "WERKART": "Stahlschneebruecke", "BAUJAHR": 1966 }, "geometry": { "type": "LineString", "coordinates": [ [ 7.522872374134556, 46.457439423394 ], [ 7.52283027750686, 46.457417310673613 ] ] } },
{ "type": "Feature", "properties": { "MNE_ID": 666, "OBJECTID": 56, "WERK_NR": 56, "WERKART": "Stahlschneebruecke", "BAUJAHR": 1966 }, "geometry": { "type": "LineString", "coordinates": [ [ 7.52261554375125, 46.457373010799451 ], [ 7.522570808709691, 46.457352505632599 ] ] } },
{ "type": "Feature", "properties": { "MNE_ID": 666, "OBJECTID": 57, "WERK_NR": 57, "WERKART": "Aluschneebruecke", "BAUJAHR": 1957 }, "geometry": { "type": "LineString", "coordinates": [ [ 7.522563344861736, 46.457351506282009 ], [ 7.52247578171797, 46.457320655950447 ] ] } },
{ "type": "Feature", "properties": { "MNE_ID": 666, "OBJECTID": 58, "WERK_NR": 58, "WERKART": "Aluschneebruecke", "BAUJAHR": 1957 }, "geometry": { "type": "LineString", "coordinates": [ [ 7.52247578171797, 46.457320655950447 ], [ 7.522390589089354, 46.45729584977817 ] ] } },
{ "type": "Feature", "properties": { "MNE_ID": 666, "OBJECTID": 59, "WERK_NR": 59, "WERKART": "Aluschneebruecke", "BAUJAHR": 1957 }, "geometry": { "type": "LineString", "coordinates": [ [ 7.522385273201173, 46.457294156184915 ], [ 7.522332269225899, 46.457275510957501 ] ] } },
{ "type": "Feature", "properties": { "MNE_ID": 666, "OBJECTID": 60, "WERK_NR": 60, "WERKART": "Stahlschneebruecke", "BAUJAHR": 1979 }, "geometry": { "type": "LineString", "coordinates": [ [ 7.522323084274077, 46.457305817610326 ], [ 7.52227282674712, 46.457298243062596 ] ] } },
{ "type": "Feature", "properties": { "MNE_ID": 666, "OBJECTID": 61, "WERK_NR": 61, "WERKART": "Aluschneebruecke", "BAUJAHR": 1957 }, "geometry": { "type": "LineString", "coordinates": [ [ 7.522267847730307, 46.457297233785113 ], [ 7.52220435904005, 46.45729222180838 ] ] } },
{ "type": "Feature", "properties": { "MNE_ID": 666, "OBJECTID": 62, "WERK_NR": 62, "WERKART": "Aluschneebruecke", "BAUJAHR": 1957 }, "geometry": { "type": "LineString", "coordinates": [ [ 7.522199891576669, 46.457292924022106 ], [ 7.522108771057465, 46.457291788536871 ] ] } },
{ "type": "Feature", "properties": { "MNE_ID": 666, "OBJECTID": 63, "WERK_NR": 63, "WERKART": "Stahlschneebruecke", "BAUJAHR": 1979 }, "geometry": { "type": "LineString", "coordinates": [ [ 7.522102311223636, 46.457291927271179 ], [ 7.522050282319704, 46.457290412464751 ] ] } },
{ "type": "Feature", "properties": { "MNE_ID": 666, "OBJECTID": 64, "WERK_NR": 64, "WERKART": "Stahlschneebruecke", "BAUJAHR": 1979 }, "geometry": { "type": "LineString", "coordinates": [ [ 7.522026093020921, 46.457289820145093 ], [ 7.521947719665852, 46.457287949318385 ] ] } },
{ "type": "Feature", "properties": { "MNE_ID": 666, "OBJECTID": 65, "WERK_NR": 65, "WERKART": "Aluschneebruecke", "BAUJAHR": 1957 }, "geometry": { "type": "LineString", "coordinates": [ [ 7.521932331929539, 46.457289836077742 ], [ 7.521868629979432, 46.45729864763986 ] ] } },
{ "type": "Feature", "properties": { "MNE_ID": 666, "OBJECTID": 66, "WERK_NR": 66, "WERKART": "Aluschneebruecke", "BAUJAHR": 1957 }, "geometry": { "type": "LineString", "coordinates": [ [ 7.521864484884437, 46.457298207162509 ], [ 7.521798694156483, 46.457295259324702 ] ] } },
{ "type": "Feature", "properties": { "MNE_ID": 666, "OBJECTID": 67, "WERK_NR": 67, "WERKART": "Aluschneebruecke", "BAUJAHR": 1957 }, "geometry": { "type": "LineString", "coordinates": [ [ 7.521792598963402, 46.45733755036072 ], [ 7.521698684694672, 46.457319861028651 ] ] } },
{ "type": "Feature", "properties": { "MNE_ID": 666, "OBJECTID": 68, "WERK_NR": 68, "WERKART": "Stahlschneebruecke", "BAUJAHR": 1979 }, "geometry": { "type": "LineString", "coordinates": [ [ 7.522844010225247, 46.457592027953268 ], [ 7.522792971861602, 46.457550873552968 ] ] } },
{ "type": "Feature", "properties": { "MNE_ID": 666, "OBJECTID": 69, "WERK_NR": 69, "WERKART": "Stahlschneebruecke", "BAUJAHR": 1966 }, "geometry": { "type": "LineString", "coordinates": [ [ 7.522775475625235, 46.457538489519877 ], [ 7.522736678762347, 46.457514764128334 ] ] } },
{ "type": "Feature", "properties": { "MNE_ID": 666, "OBJECTID": 70, "WERK_NR": 70, "WERKART": "Stahlschneebruecke", "BAUJAHR": 1966 }, "geometry": { "type": "LineString", "coordinates": [ [ 7.522538282653184, 46.457482170726479 ], [ 7.522490930869859, 46.457465674091722 ] ] } },
{ "type": "Feature", "properties": { "MNE_ID": 666, "OBJECTID": 71, "WERK_NR": 71, "WERKART": "Aluschneerechen", "BAUJAHR": 1958 }, "geometry": { "type": "LineString", "coordinates": [ [ 7.522483627186566, 46.457463874008454 ], [ 7.522399513214648, 46.457429584769656 ] ] } },
{ "type": "Feature", "properties": { "MNE_ID": 666, "OBJECTID": 72, "WERK_NR": 72, "WERKART": "Aluschneerechen", "BAUJAHR": 1958 }, "geometry": { "type": "LineString", "coordinates": [ [ 7.522395692116277, 46.457428228320943 ], [ 7.522306333492255, 46.457400470065004 ] ] } },
{ "type": "Feature", "properties": { "MNE_ID": 666, "OBJECTID": 73, "WERK_NR": 73, "WERKART": "Stahlschneebruecke", "BAUJAHR": 1968 }, "geometry": { "type": "LineString", "coordinates": [ [ 7.522251722379179, 46.457464876250256 ], [ 7.522200781600851, 46.457454904835295 ] ] } },
{ "type": "Feature", "properties": { "MNE_ID": 666, "OBJECTID": 74, "WERK_NR": 74, "WERKART": "Stahlschneebruecke", "BAUJAHR": 1968 }, "geometry": { "type": "LineString", "coordinates": [ [ 7.522176406514888, 46.457452028694632 ], [ 7.522124375805413, 46.457450285434604 ] ] } },
{ "type": "Feature", "properties": { "MNE_ID": 666, "OBJECTID": 75, "WERK_NR": 75, "WERKART": "Aluschneerechen", "BAUJAHR": 1958 }, "geometry": { "type": "LineString", "coordinates": [ [ 7.522131783227206, 46.457425354076058 ], [ 7.522038834154085, 46.457404006703207 ] ] } },
{ "type": "Feature", "properties": { "MNE_ID": 666, "OBJECTID": 76, "WERK_NR": 76, "WERKART": "Aluschneerechen", "BAUJAHR": 1958 }, "geometry": { "type": "LineString", "coordinates": [ [ 7.52200541100719, 46.457408589975145 ], [ 7.521908895101357, 46.457415241261373 ] ] } },
{ "type": "Feature", "properties": { "MNE_ID": 666, "OBJECTID": 77, "WERK_NR": 77, "WERKART": "Aluschneerechen", "BAUJAHR": 1959 }, "geometry": { "type": "LineString", "coordinates": [ [ 7.521916105573134, 46.457444800138617 ], [ 7.521769414240844, 46.45745347124852 ] ] } },
{ "type": "Feature", "properties": { "MNE_ID": 666, "OBJECTID": 78, "WERK_NR": 78, "WERKART": "Aluschneerechen", "BAUJAHR": 1959 }, "geometry": { "type": "LineString", "coordinates": [ [ 7.521755207053705, 46.457515437985741 ], [ 7.521660314431416, 46.457499122961927 ] ] } },
{ "type": "Feature", "properties": { "MNE_ID": 666, "OBJECTID": 79, "WERK_NR": 79, "WERKART": "Stahlschneebruecke", "BAUJAHR": 1968 }, "geometry": { "type": "LineString", "coordinates": [ [ 7.522648696872639, 46.457688150832482 ], [ 7.522616989264222, 46.457660517907804 ] ] } },
{ "type": "Feature", "properties": { "MNE_ID": 666, "OBJECTID": 80, "WERK_NR": 80, "WERKART": "Stahlschneebruecke", "BAUJAHR": 1968 }, "geometry": { "type": "LineString", "coordinates": [ [ 7.522598014388221, 46.457649852193946 ], [ 7.522551813772964, 46.457632096254585 ] ] } },
{ "type": "Feature", "properties": { "MNE_ID": 666, "OBJECTID": 81, "WERK_NR": 81, "WERKART": "Stahlschneebruecke", "BAUJAHR": 1966 }, "geometry": { "type": "LineString", "coordinates": [ [ 7.522477029463675, 46.457603598826481 ], [ 7.522435431748513, 46.457581713184325 ] ] } },
{ "type": "Feature", "properties": { "MNE_ID": 666, "OBJECTID": 82, "WERK_NR": 82, "WERKART": "Aluschneerechen", "BAUJAHR": 1959 }, "geometry": { "type": "LineString", "coordinates": [ [ 7.522430452527873, 46.457580589669725 ], [ 7.522342740720576, 46.457551455708575 ] ] } },
{ "type": "Feature", "properties": { "MNE_ID": 666, "OBJECTID": 83, "WERK_NR": 83, "WERKART": "Aluschneerechen", "BAUJAHR": 1959 }, "geometry": { "type": "LineString", "coordinates": [ [ 7.52232965681017, 46.457551619078842 ], [ 7.522234456871019, 46.457537935079088 ] ] } },
{ "type": "Feature", "properties": { "MNE_ID": 666, "OBJECTID": 84, "WERK_NR": 84, "WERKART": "Stahlschneebruecke", "BAUJAHR": 1959 }, "geometry": { "type": "LineString", "coordinates": [ [ 7.522141811697521, 46.457570958006023 ], [ 7.522086650609362, 46.457571053912844 ] ] } },
{ "type": "Feature", "properties": { "MNE_ID": 666, "OBJECTID": 85, "WERK_NR": 85, "WERKART": "Aluschneerechen", "BAUJAHR": 1959 }, "geometry": { "type": "LineString", "coordinates": [ [ 7.522072409885921, 46.457571451981011 ], [ 7.521974596920424, 46.457581305807842 ] ] } },
{ "type": "Feature", "properties": { "MNE_ID": 666, "OBJECTID": 86, "WERK_NR": 86, "WERKART": "Aluschneerechen", "BAUJAHR": 1959 }, "geometry": { "type": "LineString", "coordinates": [ [ 7.521970294739346, 46.457582007892491 ], [ 7.521874132306066, 46.457591057124809 ] ] } },
{ "type": "Feature", "properties": { "MNE_ID": 666, "OBJECTID": 87, "WERK_NR": 87, "WERKART": "Stahlschneebruecke", "BAUJAHR": 1962 }, "geometry": { "type": "LineString", "coordinates": [ [ 7.521829698730756, 46.457643882855031 ], [ 7.521878450351843, 46.457630789451983 ] ] } },
{ "type": "Feature", "properties": { "MNE_ID": 666, "OBJECTID": 88, "WERK_NR": 88, "WERKART": "Stahlschneebruecke", "BAUJAHR": 1962 }, "geometry": { "type": "LineString", "coordinates": [ [ 7.521807536187155, 46.457647738253542 ], [ 7.52175658477069, 46.457655699418474 ] ] } },
{ "type": "Feature", "properties": { "MNE_ID": 666, "OBJECTID": 89, "WERK_NR": 89, "WERKART": "Stahlschneebruecke", "BAUJAHR": 1962 }, "geometry": { "type": "LineString", "coordinates": [ [ 7.521753011980554, 46.457702200374584 ], [ 7.521702560336997, 46.457710160253683 ] ] } },
{ "type": "Feature", "properties": { "MNE_ID": 666, "OBJECTID": 90, "WERK_NR": 90, "WERKART": "Aluschneerechen", "BAUJAHR": 1962 }, "geometry": { "type": "LineString", "coordinates": [ [ 7.521685764140357, 46.457721531183289 ], [ 7.521625926810546, 46.457716962422566 ] ] } },
{ "type": "Feature", "properties": { "MNE_ID": 666, "OBJECTID": 91, "WERK_NR": 91, "WERKART": "Aluschneerechen", "BAUJAHR": 1962 }, "geometry": { "type": "LineString", "coordinates": [ [ 7.52160750952543, 46.457713378392661 ], [ 7.521554517552169, 46.457695877036372 ] ] } },
{ "type": "Feature", "properties": { "MNE_ID": 666, "OBJECTID": 92, "WERK_NR": 92, "WERKART": "Aluschneerechen", "BAUJAHR": 1968 }, "geometry": { "type": "LineString", "coordinates": [ [ 7.522461195532164, 46.45774780571405 ], [ 7.522385784709694, 46.457703777742758 ] ] } },
{ "type": "Feature", "properties": { "MNE_ID": 666, "OBJECTID": 93, "WERK_NR": 93, "WERKART": "Stahlschneebruecke", "BAUJAHR": 1975 }, "geometry": { "type": "LineString", "coordinates": [ [ 7.522348901726542, 46.457729732740546 ], [ 7.522288966314736, 46.457694211366473 ] ] } },
{ "type": "Feature", "properties": { "MNE_ID": 666, "OBJECTID": 94, "WERK_NR": 94, "WERKART": "Stahlschneebruecke", "BAUJAHR": 1975 }, "geometry": { "type": "LineString", "coordinates": [ [ 7.522267325717085, 46.457681843770196 ], [ 7.522217545450079, 46.457671640329252 ] ] } },
{ "type": "Feature", "properties": { "MNE_ID": 666, "OBJECTID": 95, "WERK_NR": 95, "WERKART": "Stahlschneebruecke", "BAUJAHR": 1975 }, "geometry": { "type": "LineString", "coordinates": [ [ 7.522213395547521, 46.457670628646206 ], [ 7.522123823986655, 46.457656236995774 ] ] } },
{ "type": "Feature", "properties": { "MNE_ID": 666, "OBJECTID": 96, "WERK_NR": 96, "WERKART": "Stahlschneebruecke", "BAUJAHR": 1975 }, "geometry": { "type": "LineString", "coordinates": [ [ 7.522109460778549, 46.457719797914933 ], [ 7.522058311737738, 46.457723648360052 ] ] } },
{ "type": "Feature", "properties": { "MNE_ID": 666, "OBJECTID": 97, "WERK_NR": 97, "WERKART": "Stahlschneebruecke", "BAUJAHR": 1975 }, "geometry": { "type": "LineString", "coordinates": [ [ 7.522033650537305, 46.457726141883185 ], [ 7.521981670688798, 46.457729767107523 ] ] } },
{ "type": "Feature", "properties": { "MNE_ID": 666, "OBJECTID": 98, "WERK_NR": 98, "WERKART": "Stahlschneebruecke", "BAUJAHR": 1975 }, "geometry": { "type": "LineString", "coordinates": [ [ 7.52195667556474, 46.457731803878914 ], [ 7.521905888706344, 46.45773930801375 ] ] } },
{ "type": "Feature", "properties": { "MNE_ID": 666, "OBJECTID": 99, "WERK_NR": 99, "WERKART": "Stahlschneebruecke", "BAUJAHR": 1975 }, "geometry": { "type": "LineString", "coordinates": [ [ 7.521911908987861, 46.45776509768978 ], [ 7.521822860405885, 46.45777286253761 ] ] } },
{ "type": "Feature", "properties": { "MNE_ID": 666, "OBJECTID": 100, "WERK_NR": 100, "WERKART": "Stahlschneebruecke", "BAUJAHR": 1976 }, "geometry": { "type": "LineString", "coordinates": [ [ 7.521789592217496, 46.457833407395107 ], [ 7.521737780509487, 46.457837260874577 ] ] } },
{ "type": "Feature", "properties": { "MNE_ID": 666, "OBJECTID": 101, "WERK_NR": 101, "WERKART": "Aluschneerechen", "BAUJAHR": 1980 }, "geometry": { "type": "LineString", "coordinates": [ [ 7.521243571086719, 46.457517787404385 ], [ 7.521183295318357, 46.45750108902984 ] ] } },
{ "type": "Feature", "properties": { "MNE_ID": 666, "OBJECTID": 102, "WERK_NR": 102, "WERKART": "Aluschneerechen", "BAUJAHR": 1980 }, "geometry": { "type": "LineString", "coordinates": [ [ 7.521178814829081, 46.457500076647221 ], [ 7.521119051136823, 46.457485433369733 ] ] } },
{ "type": "Feature", "properties": { "MNE_ID": 666, "OBJECTID": 103, "WERK_NR": 103, "WERKART": "Stahlschneebruecke", "BAUJAHR": 1980 }, "geometry": { "type": "LineString", "coordinates": [ [ 7.521156308865348, 46.457682150720636 ], [ 7.521106679183483, 46.457670672904129 ] ] } },
{ "type": "Feature", "properties": { "MNE_ID": 666, "OBJECTID": 104, "WERK_NR": 104, "WERKART": "Stahlschneebruecke", "BAUJAHR": 1980 }, "geometry": { "type": "LineString", "coordinates": [ [ 7.521084938767183, 46.45766617812216 ], [ 7.521033666757973, 46.457656648106195 ] ] } },
{ "type": "Feature", "properties": { "MNE_ID": 666, "OBJECTID": 105, "WERK_NR": 105, "WERKART": "Stahlschneebruecke", "BAUJAHR": 1980 }, "geometry": { "type": "LineString", "coordinates": [ [ 7.521009622590531, 46.457653990070753 ], [ 7.520958234226464, 46.457650171424369 ] ] } },
{ "type": "Feature", "properties": { "MNE_ID": 666, "OBJECTID": 106, "WERK_NR": 106, "WERKART": "Stahlschneebruecke", "BAUJAHR": 1980 }, "geometry": { "type": "LineString", "coordinates": [ [ 7.520931398940367, 46.457650722313659 ], [ 7.520853764991286, 46.457658764275067 ] ] } },
{ "type": "Feature", "properties": { "MNE_ID": 666, "OBJECTID": 107, "WERK_NR": 107, "WERKART": "Aluschneebruecke", "BAUJAHR": 1980 }, "geometry": { "type": "LineString", "coordinates": [ [ 7.521126905377983, 46.457871207650875 ], [ 7.521087396194632, 46.45784175919362 ] ] } },
{ "type": "Feature", "properties": { "MNE_ID": 666, "OBJECTID": 108, "WERK_NR": 108, "WERKART": "Aluschneebruecke", "BAUJAHR": 1980 }, "geometry": { "type": "LineString", "coordinates": [ [ 7.521059170172555, 46.457834204258262 ], [ 7.521002134603203, 46.45782835038036 ] ] } },
{ "type": "Feature", "properties": { "MNE_ID": 666, "OBJECTID": 109, "WERK_NR": 109, "WERKART": "Stahlschneebruecke", "BAUJAHR": 1980 }, "geometry": { "type": "LineString", "coordinates": [ [ 7.520993838274594, 46.45782689364686 ], [ 7.520940492526624, 46.45782685275902 ] ] } },
{ "type": "Feature", "properties": { "MNE_ID": 666, "OBJECTID": 110, "WERK_NR": 110, "WERKART": "Stahlschneebruecke", "BAUJAHR": 1980 }, "geometry": { "type": "LineString", "coordinates": [ [ 7.520917502844652, 46.45783127530089 ], [ 7.520867062688842, 46.457841848027918 ] ] } },
{ "type": "Feature", "properties": { "MNE_ID": 666, "OBJECTID": 111, "WERK_NR": 111, "WERKART": "Stahlschneebruecke", "BAUJAHR": 1980 }, "geometry": { "type": "LineString", "coordinates": [ [ 7.52084190448292, 46.457844564739396 ], [ 7.520751159671272, 46.457849795894333 ] ] } },
{ "type": "Feature", "properties": { "MNE_ID": 666, "OBJECTID": 112, "WERK_NR": 112, "WERKART": "Stahlschneebruecke", "BAUJAHR": 1980 }, "geometry": { "type": "LineString", "coordinates": [ [ 7.521086074552973, 46.458100156670341 ], [ 7.521038727416649, 46.458084218054331 ] ] } },
{ "type": "Feature", "properties": { "MNE_ID": 666, "OBJECTID": 113, "WERK_NR": 113, "WERKART": "Stahlschneebruecke", "BAUJAHR": 1980 }, "geometry": { "type": "LineString", "coordinates": [ [ 7.521017623407385, 46.45807629637018 ], [ 7.520968129613825, 46.458061050129537 ] ] } },
{ "type": "Feature", "properties": { "MNE_ID": 666, "OBJECTID": 114, "WERK_NR": 114, "WERKART": "Stahlschneebruecke", "BAUJAHR": 1980 }, "geometry": { "type": "LineString", "coordinates": [ [ 7.520944712487706, 46.458053936998681 ], [ 7.520896552038857, 46.458039827716561 ] ] } },
{ "type": "Feature", "properties": { "MNE_ID": 666, "OBJECTID": 115, "WERK_NR": 115, "WERKART": "Stahlschneebruecke", "BAUJAHR": 1980 }, "geometry": { "type": "LineString", "coordinates": [ [ 7.520877252130921, 46.458010195579973 ], [ 7.520827136974754, 46.458019739856638 ] ] } },
{ "type": "Feature", "properties": { "MNE_ID": 666, "OBJECTID": 116, "WERK_NR": 116, "WERKART": "Stahlschneebruecke", "BAUJAHR": 1980 }, "geometry": { "type": "LineString", "coordinates": [ [ 7.520822341928524, 46.458020784084262 ], [ 7.520748431792574, 46.458037723573874 ] ] } },
{ "type": "Feature", "properties": { "MNE_ID": 666, "OBJECTID": 117, "WERK_NR": 117, "WERKART": "Stahlschneebruecke", "BAUJAHR": 1981 }, "geometry": { "type": "LineString", "coordinates": [ [ 7.521208641085605, 46.457241983398731 ], [ 7.521160973124756, 46.457227751534234 ] ] } },
{ "type": "Feature", "properties": { "MNE_ID": 666, "OBJECTID": 118, "WERK_NR": 118, "WERKART": "Stahlschneebruecke", "BAUJAHR": 1981 }, "geometry": { "type": "LineString", "coordinates": [ [ 7.521140377213059, 46.457221653819666 ], [ 7.521097632749051, 46.457201806020151 ] ] } },
{ "type": "Feature", "properties": { "MNE_ID": 666, "OBJECTID": 119, "WERK_NR": 119, "WERKART": "Stahlschneebruecke", "BAUJAHR": 1981 }, "geometry": { "type": "LineString", "coordinates": [ [ 7.521076496751546, 46.457190567684314 ], [ 7.521033253467791, 46.457170493529276 ] ] } },
{ "type": "Feature", "properties": { "MNE_ID": 666, "OBJECTID": 120, "WERK_NR": 120, "WERKART": "Stahlschneebruecke", "BAUJAHR": 1981 }, "geometry": { "type": "LineString", "coordinates": [ [ 7.521007694370655, 46.45716521165896 ], [ 7.520958552783215, 46.457153384397337 ] ] } },
{ "type": "Feature", "properties": { "MNE_ID": 666, "OBJECTID": 121, "WERK_NR": 121, "WERKART": "Aluschneerechen", "BAUJAHR": 1980 }, "geometry": { "type": "LineString", "coordinates": [ [ 7.521114579048126, 46.457485676767277 ], [ 7.521057332262955, 46.457475023005514 ] ] } },
{ "type": "Feature", "properties": { "MNE_ID": 666, "OBJECTID": 122, "WERK_NR": 122, "WERKART": "Aluschneerechen", "BAUJAHR": 1980 }, "geometry": { "type": "LineString", "coordinates": [ [ 7.521051854207403, 46.457473671299844 ], [ 7.52096478517004, 46.457442899508727 ] ] } },
{ "type": "Feature", "properties": { "MNE_ID": 666, "OBJECTID": 123, "WERK_NR": 123, "WERKART": "Stahlschneebruecke", "BAUJAHR": 1980 }, "geometry": { "type": "LineString", "coordinates": [ [ 7.520973128011462, 46.457430302351391 ], [ 7.520931017574625, 46.457407140047223 ] ] } },
{ "type": "Feature", "properties": { "MNE_ID": 666, "OBJECTID": 124, "WERK_NR": 124, "WERKART": "Stahlschneebruecke", "BAUJAHR": 1980 }, "geometry": { "type": "LineString", "coordinates": [ [ 7.520910583296925, 46.457400356708632 ], [ 7.520859647629105, 46.457391850974318 ] ] } },
{ "type": "Feature", "properties": { "MNE_ID": 666, "OBJECTID": 125, "WERK_NR": 125, "WERKART": "Stahlschneebruecke", "BAUJAHR": 1981 }, "geometry": { "type": "LineString", "coordinates": [ [ 7.520711764184044, 46.457617103752213 ], [ 7.520666067884111, 46.457601040560128 ] ] } },
{ "type": "Feature", "properties": { "MNE_ID": 666, "OBJECTID": 126, "WERK_NR": 126, "WERKART": "Stahlschneebruecke", "BAUJAHR": 1981 }, "geometry": { "type": "LineString", "coordinates": [ [ 7.52066191948588, 46.457600141264571 ], [ 7.520614089847851, 46.457586711695249 ] ] } },
{ "type": "Feature", "properties": { "MNE_ID": 666, "OBJECTID": 127, "WERK_NR": 127, "WERKART": "Stahlschneebruecke", "BAUJAHR": 1981 }, "geometry": { "type": "LineString", "coordinates": [ [ 7.520604293669392, 46.457584118058648 ], [ 7.520552236357822, 46.457580302404821 ] ] } },
{ "type": "Feature", "properties": { "MNE_ID": 666, "OBJECTID": 128, "WERK_NR": 128, "WERKART": "Stahlschneebruecke", "BAUJAHR": 1981 }, "geometry": { "type": "LineString", "coordinates": [ [ 7.520591296441817, 46.457831164197735 ], [ 7.520545755623057, 46.457813846856531 ] ] } },
{ "type": "Feature", "properties": { "MNE_ID": 666, "OBJECTID": 129, "WERK_NR": 129, "WERKART": "Stahlschneebruecke", "BAUJAHR": 1981 }, "geometry": { "type": "LineString", "coordinates": [ [ 7.520538455581012, 46.457812729413156 ], [ 7.520487066139192, 46.457809139042759 ] ] } },
{ "type": "Feature", "properties": { "MNE_ID": 666, "OBJECTID": 130, "WERK_NR": 130, "WERKART": "Stahlschneebruecke", "BAUJAHR": 1981 }, "geometry": { "type": "LineString", "coordinates": [ [ 7.520573802159979, 46.458271707560336 ], [ 7.520520929079219, 46.458268583337954 ] ] } },
{ "type": "Feature", "properties": { "MNE_ID": 666, "OBJECTID": 131, "WERK_NR": 131, "WERKART": "Stahlschneebruecke", "BAUJAHR": 1981 }, "geometry": { "type": "LineString", "coordinates": [ [ 7.520516120072747, 46.458268143285075 ], [ 7.520464240332948, 46.458265128973657 ] ] } },
{ "type": "Feature", "properties": { "MNE_ID": 666, "OBJECTID": 132, "WERK_NR": 132, "WERKART": "Stahlschneebruecke", "BAUJAHR": 1981 }, "geometry": { "type": "LineString", "coordinates": [ [ 7.520395209901954, 46.458251665850248 ], [ 7.520345219573514, 46.458236879367931 ] ] } },
{ "type": "Feature", "properties": { "MNE_ID": 666, "OBJECTID": 133, "WERK_NR": 133, "WERKART": "Stahlschneebruecke", "BAUJAHR": 1981 }, "geometry": { "type": "LineString", "coordinates": [ [ 7.520341068356969, 46.458235864918642 ], [ 7.520289831837133, 46.458230334893905 ] ] } },
{ "type": "Feature", "properties": { "MNE_ID": 666, "OBJECTID": 134, "WERK_NR": 134, "WERKART": "Stahlschneebruecke", "BAUJAHR": 1981 }, "geometry": { "type": "LineString", "coordinates": [ [ 7.520276081135355, 46.458230384257249 ], [ 7.520225289710594, 46.458238788104062 ] ] } },
{ "type": "Feature", "properties": { "MNE_ID": 666, "OBJECTID": 135, "WERK_NR": 135, "WERKART": "Stahlschneebruecke", "BAUJAHR": 1982 }, "geometry": { "type": "LineString", "coordinates": [ [ 7.520589177858375, 46.458543607225529 ], [ 7.520542160767366, 46.458527442376493 ] ] } },
{ "type": "Feature", "properties": { "MNE_ID": 666, "OBJECTID": 136, "WERK_NR": 136, "WERKART": "Stahlschneebruecke", "BAUJAHR": 1982 }, "geometry": { "type": "LineString", "coordinates": [ [ 7.520518740553603, 46.45852010247026 ], [ 7.520470415624483, 46.458505881578809 ] ] } },
{ "type": "Feature", "properties": { "MNE_ID": 666, "OBJECTID": 137, "WERK_NR": 137, "WERKART": "Stahlschneebruecke", "BAUJAHR": 1982 }, "geometry": { "type": "LineString", "coordinates": [ [ 7.520446334697631, 46.458498887560616 ], [ 7.520395728469764, 46.458489358580572 ] ] } },
{ "type": "Feature", "properties": { "MNE_ID": 666, "OBJECTID": 138, "WERK_NR": 138, "WERKART": "Stahlschneebruecke", "BAUJAHR": 1982 }, "geometry": { "type": "LineString", "coordinates": [ [ 7.520372487870704, 46.45848372948327 ], [ 7.520322849587945, 46.458471228527642 ] ] } },
{ "type": "Feature", "properties": { "MNE_ID": 666, "OBJECTID": 139, "WERK_NR": 139, "WERKART": "Stahlschneebruecke", "BAUJAHR": 1982 }, "geometry": { "type": "LineString", "coordinates": [ [ 7.520299286251936, 46.45846651449979 ], [ 7.520248205661908, 46.458460072189126 ] ] } },
{ "type": "Feature", "properties": { "MNE_ID": 666, "OBJECTID": 140, "WERK_NR": 140, "WERKART": "Stahlschneebruecke", "BAUJAHR": 1982 }, "geometry": { "type": "LineString", "coordinates": [ [ 7.520224661356973, 46.458457642120472 ], [ 7.52017266498909, 46.458460339978032 ] ] } },
{ "type": "Feature", "properties": { "MNE_ID": 666, "OBJECTID": 141, "WERK_NR": 141, "WERKART": "Aluschneerechen", "BAUJAHR": 1982 }, "geometry": { "type": "LineString", "coordinates": [ [ 7.520491772034696, 46.458681007495066 ], [ 7.52044156001966, 46.45865925770277 ] ] } },
{ "type": "Feature", "properties": { "MNE_ID": 666, "OBJECTID": 142, "WERK_NR": 142, "WERKART": "Aluschneerechen", "BAUJAHR": 1982 }, "geometry": { "type": "LineString", "coordinates": [ [ 7.520437897625274, 46.458656987119902 ], [ 7.520382876787876, 46.458634912389037 ] ] } },
{ "type": "Feature", "properties": { "MNE_ID": 666, "OBJECTID": 143, "WERK_NR": 143, "WERKART": "Aluschneebruecke", "BAUJAHR": 1982 }, "geometry": { "type": "LineString", "coordinates": [ [ 7.520380861905434, 46.458631493689062 ], [ 7.520290650160644, 46.458620621932887 ] ] } },
{ "type": "Feature", "properties": { "MNE_ID": 666, "OBJECTID": 144, "WERK_NR": 144, "WERKART": "Aluschneebruecke", "BAUJAHR": 1982 }, "geometry": { "type": "LineString", "coordinates": [ [ 7.520286017079115, 46.458621209044985 ], [ 7.520196173437998, 46.458595260290707 ] ] } },
{ "type": "Feature", "properties": { "MNE_ID": 666, "OBJECTID": 145, "WERK_NR": 145, "WERKART": "Aluschneebruecke", "BAUJAHR": 1982 }, "geometry": { "type": "LineString", "coordinates": [ [ 7.520191521507829, 46.458593676768949 ], [ 7.520100036669898, 46.458569560613284 ] ] } },
{ "type": "Feature", "properties": { "MNE_ID": 666, "OBJECTID": 146, "WERK_NR": 146, "WERKART": "Stahlschneebruecke", "BAUJAHR": 1981 }, "geometry": { "type": "LineString", "coordinates": [ [ 7.520682085757515, 46.458008713370987 ], [ 7.520633922644382, 46.457994490634555 ] ] } },
{ "type": "Feature", "properties": { "MNE_ID": 666, "OBJECTID": 147, "WERK_NR": 147, "WERKART": "Stahlschneebruecke", "BAUJAHR": 1981 }, "geometry": { "type": "LineString", "coordinates": [ [ 7.520612833517156, 46.457988623464445 ], [ 7.520562853399257, 46.457975320448718 ] ] } },
{ "type": "Feature", "properties": { "MNE_ID": 666, "OBJECTID": 148, "WERK_NR": 148, "WERKART": "Stahlschneebruecke", "BAUJAHR": 1981 }, "geometry": { "type": "LineString", "coordinates": [ [ 7.52053994197813, 46.457969460862927 ], [ 7.520490481099588, 46.457958667223131 ] ] } },
{ "type": "Feature", "properties": { "MNE_ID": 666, "OBJECTID": 149, "WERK_NR": 149, "WERKART": "Stahlschneebruecke", "BAUJAHR": 1981 }, "geometry": { "type": "LineString", "coordinates": [ [ 7.520472281835892, 46.458118545887224 ], [ 7.520422798522866, 46.458105012167636 ] ] } },
{ "type": "Feature", "properties": { "MNE_ID": 666, "OBJECTID": 150, "WERK_NR": 150, "WERKART": "Stahlschneebruecke", "BAUJAHR": 1981 }, "geometry": { "type": "LineString", "coordinates": [ [ 7.520399567939519, 46.458100753101945 ], [ 7.520347987675026, 46.458094196948025 ] ] } },
{ "type": "Feature", "properties": { "MNE_ID": 666, "OBJECTID": 201, "WERK_NR": 201, "WERKART": "Aluschneebruecke", "BAUJAHR": 1962 }, "geometry": { "type": "LineString", "coordinates": [ [ 7.521596696095243, 46.457829912794239 ], [ 7.521541749061845, 46.457815941827761 ] ] } },
{ "type": "Feature", "properties": { "MNE_ID": 666, "OBJECTID": 202, "WERK_NR": 202, "WERKART": "Aluschneebruecke", "BAUJAHR": 1962 }, "geometry": { "type": "LineString", "coordinates": [ [ 7.521525664104932, 46.457813942027542 ], [ 7.521467342876883, 46.457812661786591 ] ] } },
{ "type": "Feature", "properties": { "MNE_ID": 666, "OBJECTID": 203, "WERK_NR": 203, "WERKART": "Stahlschneebruecke", "BAUJAHR": 1975 }, "geometry": { "type": "LineString", "coordinates": [ [ 7.522261509306966, 46.457839220113193 ], [ 7.522320758829829, 46.457873850535947 ] ] } },
{ "type": "Feature", "properties": { "MNE_ID": 666, "OBJECTID": 204, "WERK_NR": 204, "WERKART": "Stahlschneebruecke", "BAUJAHR": 1975 }, "geometry": { "type": "LineString", "coordinates": [ [ 7.522228278320421, 46.457907645237007 ], [ 7.522185040641941, 46.457886780801481 ] ] } },
{ "type": "Feature", "properties": { "MNE_ID": 666, "OBJECTID": 205, "WERK_NR": 205, "WERKART": "Stahlschneebruecke", "BAUJAHR": 1975 }, "geometry": { "type": "LineString", "coordinates": [ [ 7.522165084587682, 46.457877142130116 ], [ 7.522120210533842, 46.457858680692112 ] ] } },
{ "type": "Feature", "properties": { "MNE_ID": 666, "OBJECTID": 206, "WERK_NR": 206, "WERKART": "Stahlschneebruecke", "BAUJAHR": 1975 }, "geometry": { "type": "LineString", "coordinates": [ [ 7.522095638955708, 46.45785168558178 ], [ 7.522045352194985, 46.457839754374788 ] ] } },
{ "type": "Feature", "properties": { "MNE_ID": 666, "OBJECTID": 207, "WERK_NR": 207, "WERKART": "Stahlschneebruecke", "BAUJAHR": 1975 }, "geometry": { "type": "LineString", "coordinates": [ [ 7.5220344177299, 46.457900105852303 ], [ 7.521983208258354, 46.457896860561071 ] ] } },
{ "type": "Feature", "properties": { "MNE_ID": 666, "OBJECTID": 208, "WERK_NR": 208, "WERKART": "Stahlschneebruecke", "BAUJAHR": 1975 }, "geometry": { "type": "LineString", "coordinates": [ [ 7.521963634407284, 46.457893730808472 ], [ 7.521914537866908, 46.457885566045377 ] ] } },
{ "type": "Feature", "properties": { "MNE_ID": 666, "OBJECTID": 209, "WERK_NR": 209, "WERKART": "Stahlschneebruecke", "BAUJAHR": 1975 }, "geometry": { "type": "LineString", "coordinates": [ [ 7.521893800437348, 46.457881641012776 ], [ 7.521843698784955, 46.45787245054796 ] ] } },
{ "type": "Feature", "properties": { "MNE_ID": 666, "OBJECTID": 210, "WERK_NR": 210, "WERKART": "Stahlschneebruecke", "BAUJAHR": 1976 }, "geometry": { "type": "LineString", "coordinates": [ [ 7.521840418111097, 46.457956991979131 ], [ 7.521788241115819, 46.457956947044025 ] ] } },
{ "type": "Feature", "properties": { "MNE_ID": 666, "OBJECTID": 211, "WERK_NR": 211, "WERKART": "Stahlschneebruecke", "BAUJAHR": 1976 }, "geometry": { "type": "LineString", "coordinates": [ [ 7.521769854006221, 46.457957012542245 ], [ 7.52171802688727, 46.457959365554061 ] ] } },
{ "type": "Feature", "properties": { "MNE_ID": 666, "OBJECTID": 212, "WERK_NR": 212, "WERKART": "Stahlschneebruecke", "BAUJAHR": 1976 }, "geometry": { "type": "LineString", "coordinates": [ [ 7.521701136238233, 46.457959996681751 ], [ 7.52164947494294, 46.457962692275309 ] ] } },
{ "type": "Feature", "properties": { "MNE_ID": 666, "OBJECTID": 213, "WERK_NR": 213, "WERKART": "Aluschneerechen", "BAUJAHR": 1962 }, "geometry": { "type": "LineString", "coordinates": [ [ 7.521536852938208, 46.457924822970739 ], [ 7.521471867877242, 46.457918883316673 ] ] } },
{ "type": "Feature", "properties": { "MNE_ID": 666, "OBJECTID": 214, "WERK_NR": 214, "WERKART": "Aluschneebruecke", "BAUJAHR": 1962 }, "geometry": { "type": "LineString", "coordinates": [ [ 7.521457341854934, 46.457925217724082 ], [ 7.521402226158608, 46.457910790733791 ] ] } },
{ "type": "Feature", "properties": { "MNE_ID": 666, "OBJECTID": 215, "WERK_NR": 215, "WERKART": "Stahlschneebruecke", "BAUJAHR": 1976 }, "geometry": { "type": "LineString", "coordinates": [ [ 7.52211427485838, 46.458125185696922 ], [ 7.522046796944983, 46.458097099166388 ] ] } },
{ "type": "Feature", "properties": { "MNE_ID": 666, "OBJECTID": 216, "WERK_NR": 216, "WERKART": "Stahlschneebruecke", "BAUJAHR": 1976 }, "geometry": { "type": "LineString", "coordinates": [ [ 7.522021062372075, 46.458089766649977 ], [ 7.521972114466099, 46.45807931781539 ] ] } },
{ "type": "Feature", "properties": { "MNE_ID": 666, "OBJECTID": 217, "WERK_NR": 217, "WERKART": "Stahlschneebruecke", "BAUJAHR": 1976 }, "geometry": { "type": "LineString", "coordinates": [ [ 7.521952778085211, 46.458104856934142 ], [ 7.521902476632684, 46.458091100462788 ] ] } },
{ "type": "Feature", "properties": { "MNE_ID": 666, "OBJECTID": 218, "WERK_NR": 218, "WERKART": "Stahlschneebruecke", "BAUJAHR": 1976 }, "geometry": { "type": "LineString", "coordinates": [ [ 7.521878431189945, 46.458087758045515 ], [ 7.521812606543135, 46.458059664778915 ] ] } },
{ "type": "Feature", "properties": { "MNE_ID": 666, "OBJECTID": 219, "WERK_NR": 219, "WERKART": "Stahlschneebruecke", "BAUJAHR": 1976 }, "geometry": { "type": "LineString", "coordinates": [ [ 7.521796927562773, 46.458086789846448 ], [ 7.521719492763309, 46.458077127073317 ] ] } },
{ "type": "Feature", "properties": { "MNE_ID": 666, "OBJECTID": 220, "WERK_NR": 220, "WERKART": "Stahlschneebruecke", "BAUJAHR": 1976 }, "geometry": { "type": "LineString", "coordinates": [ [ 7.521695609354111, 46.458073328421904 ], [ 7.521642235963597, 46.458068948396026 ] ] } },
{ "type": "Feature", "properties": { "MNE_ID": 666, "OBJECTID": 221, "WERK_NR": 221, "WERKART": "Stahlschneebruecke", "BAUJAHR": 1976 }, "geometry": { "type": "LineString", "coordinates": [ [ 7.521620364035909, 46.458067998086563 ], [ 7.521568374962748, 46.458070923268608 ] ] } },
{ "type": "Feature", "properties": { "MNE_ID": 666, "OBJECTID": 222, "WERK_NR": 222, "WERKART": "Stahlschneebruecke", "BAUJAHR": 1976 }, "geometry": { "type": "LineString", "coordinates": [ [ 7.521503112746086, 46.458051393247665 ], [ 7.521455456066926, 46.458037397183723 ] ] } },
{ "type": "Feature", "properties": { "MNE_ID": 666, "OBJECTID": 223, "WERK_NR": 223, "WERKART": "Aluschneebruecke", "BAUJAHR": 1962 }, "geometry": { "type": "LineString", "coordinates": [ [ 7.521449825292947, 46.458037531684219 ], [ 7.521398138177717, 46.458017153412889 ] ] } },
{ "type": "Feature", "properties": { "MNE_ID": 666, "OBJECTID": 224, "WERK_NR": 224, "WERKART": "Aluschneerechen", "BAUJAHR": 1962 }, "geometry": { "type": "LineString", "coordinates": [ [ 7.521392971435722, 46.458013401467383 ], [ 7.521329616333255, 46.458004258114933 ] ] } },
{ "type": "Feature", "properties": { "MNE_ID": 666, "OBJECTID": 225, "WERK_NR": 225, "WERKART": "Stahlschneebruecke", "BAUJAHR": 1976 }, "geometry": { "type": "LineString", "coordinates": [ [ 7.521496537135234, 46.458157530137356 ], [ 7.521408290961677, 46.458142878790241 ] ] } },
{ "type": "Feature", "properties": { "MNE_ID": 666, "OBJECTID": 226, "WERK_NR": 226, "WERKART": "Stahlschneebruecke", "BAUJAHR": 1976 }, "geometry": { "type": "LineString", "coordinates": [ [ 7.52139327518243, 46.458149899908641 ], [ 7.521323661042593, 46.458124903585251 ] ] } },
{ "type": "Feature", "properties": { "MNE_ID": 666, "OBJECTID": 227, "WERK_NR": 227, "WERKART": "Stahlschneebruecke", "BAUJAHR": 1976 }, "geometry": { "type": "LineString", "coordinates": [ [ 7.521301425800803, 46.458120412799467 ], [ 7.521250678907063, 46.458113282534846 ] ] } },
{ "type": "Feature", "properties": { "MNE_ID": 666, "OBJECTID": 228, "WERK_NR": 228, "WERKART": "Stahlschneebruecke", "BAUJAHR": 1983 }, "geometry": { "type": "LineString", "coordinates": [ [ 7.522257637655587, 46.458420600060322 ], [ 7.522205909774777, 46.458414045757955 ] ] } },
{ "type": "Feature", "properties": { "MNE_ID": 666, "OBJECTID": 229, "WERK_NR": 229, "WERKART": "Stahlschneebruecke", "BAUJAHR": 1983 }, "geometry": { "type": "LineString", "coordinates": [ [ 7.522184852356213, 46.458411266154094 ], [ 7.522108746454025, 46.458401029657523 ] ] } },
{ "type": "Feature", "properties": { "MNE_ID": 666, "OBJECTID": 230, "WERK_NR": 230, "WERKART": "Schneenetz", "BAUJAHR": 1983 }, "geometry": { "type": "LineString", "coordinates": [ [ 7.522029142624166, 46.458368307498247 ], [ 7.521964973033655, 46.458359741711583 ] ] } },
{ "type": "Feature", "properties": { "MNE_ID": 666, "OBJECTID": 231, "WERK_NR": 231, "WERKART": "Schneenetz", "BAUJAHR": 1983 }, "geometry": { "type": "LineString", "coordinates": [ [ 7.521964973033655, 46.458359741711583 ], [ 7.521907315493322, 46.458337333198365 ] ] } },
{ "type": "Feature", "properties": { "MNE_ID": 666, "OBJECTID": 232, "WERK_NR": 232, "WERKART": "Schneenetz", "BAUJAHR": 1983 }, "geometry": { "type": "LineString", "coordinates": [ [ 7.521907315493322, 46.458337333198365 ], [ 7.521849340566893, 46.458316752796293 ] ] } },
{ "type": "Feature", "properties": { "MNE_ID": 666, "OBJECTID": 233, "WERK_NR": 233, "WERKART": "Schneenetz", "BAUJAHR": 1983 }, "geometry": { "type": "LineString", "coordinates": [ [ 7.521849340566893, 46.458316752796293 ], [ 7.52178808853288, 46.458300752611336 ] ] } },
{ "type": "Feature", "properties": { "MNE_ID": 666, "OBJECTID": 234, "WERK_NR": 234, "WERKART": "Stahlschneebruecke", "BAUJAHR": 1983 }, "geometry": { "type": "LineString", "coordinates": [ [ 7.521781976286802, 46.458302715387433 ], [ 7.521731882945641, 46.458294099687286 ] ] } },
{ "type": "Feature", "properties": { "MNE_ID": 666, "OBJECTID": 235, "WERK_NR": 235, "WERKART": "Stahlschneebruecke", "BAUJAHR": 1983 }, "geometry": { "type": "LineString", "coordinates": [ [ 7.521728061628428, 46.458292628072243 ], [ 7.521686640087558, 46.458271188211 ] ] } },
{ "type": "Feature", "properties": { "MNE_ID": 666, "OBJECTID": 236, "WERK_NR": 236, "WERKART": "Stahlschneebruecke", "BAUJAHR": 1983 }, "geometry": { "type": "LineString", "coordinates": [ [ 7.521635802237438, 46.458333045605137 ], [ 7.521599480711321, 46.458307361486881 ] ] } },
{ "type": "Feature", "properties": { "MNE_ID": 666, "OBJECTID": 237, "WERK_NR": 237, "WERKART": "Stahlschneebruecke", "BAUJAHR": 1983 }, "geometry": { "type": "LineString", "coordinates": [ [ 7.52157868097173, 46.458295899909999 ], [ 7.521530202104654, 46.458282365947142 ] ] } },
{ "type": "Feature", "properties": { "MNE_ID": 666, "OBJECTID": 238, "WERK_NR": 238, "WERKART": "Stahlschneebruecke", "BAUJAHR": 1983 }, "geometry": { "type": "LineString", "coordinates": [ [ 7.521504364367559, 46.458282572618351 ], [ 7.521453406217842, 46.45828994803643 ] ] } },
{ "type": "Feature", "properties": { "MNE_ID": 666, "OBJECTID": 239, "WERK_NR": 239, "WERKART": "Stahlschneebruecke", "BAUJAHR": 1982 }, "geometry": { "type": "LineString", "coordinates": [ [ 7.521406551145883, 46.458372464495746 ], [ 7.521354504220759, 46.458368308268049 ] ] } },
{ "type": "Feature", "properties": { "MNE_ID": 666, "OBJECTID": 240, "WERK_NR": 240, "WERKART": "Stahlschneebruecke", "BAUJAHR": 1982 }, "geometry": { "type": "LineString", "coordinates": [ [ 7.521336439363111, 46.458367231919304 ], [ 7.521287469842932, 46.458354613060997 ] ] } },
{ "type": "Feature", "properties": { "MNE_ID": 666, "OBJECTID": 241, "WERK_NR": 241, "WERKART": "Stahlschneebruecke", "BAUJAHR": 1982 }, "geometry": { "type": "LineString", "coordinates": [ [ 7.521266877226833, 46.458348404720681 ], [ 7.521218556160848, 46.458334185044656 ] ] } },
{ "type": "Feature", "properties": { "MNE_ID": 666, "OBJECTID": 242, "WERK_NR": 242, "WERKART": "Stahlschneebruecke", "BAUJAHR": 1982 }, "geometry": { "type": "LineString", "coordinates": [ [ 7.521194633249221, 46.458325817440119 ], [ 7.521148617827543, 46.45831010460148 ] ] } },
{ "type": "Feature", "properties": { "MNE_ID": 666, "OBJECTID": 243, "WERK_NR": 243, "WERKART": "Stahlschneebruecke", "BAUJAHR": 1982 }, "geometry": { "type": "LineString", "coordinates": [ [ 7.52112370670979, 46.458302426757093 ], [ 7.521074741102622, 46.458290606615428 ] ] } },
{ "type": "Feature", "properties": { "MNE_ID": 666, "OBJECTID": 244, "WERK_NR": 244, "WERKART": "Stahlschneebruecke", "BAUJAHR": 1982 }, "geometry": { "type": "LineString", "coordinates": [ [ 7.52105068973129, 46.458286808848491 ], [ 7.52099863884041, 46.458282539115636 ] ] } },
{ "type": "Feature", "properties": { "MNE_ID": 666, "OBJECTID": 245, "WERK_NR": 245, "WERKART": "Stahlschneebruecke", "BAUJAHR": 1982 }, "geometry": { "type": "LineString", "coordinates": [ [ 7.520971470291553, 46.45828240748574 ], [ 7.520919627581621, 46.458283275866165 ] ] } },
{ "type": "Feature", "properties": { "MNE_ID": 666, "OBJECTID": 246, "WERK_NR": 246, "WERKART": "Stahlschneebruecke", "BAUJAHR": 1982 }, "geometry": { "type": "LineString", "coordinates": [ [ 7.520895591983172, 46.458281305065725 ], [ 7.520848412831881, 46.458265481393845 ] ] } },
{ "type": "Feature", "properties": { "MNE_ID": 666, "OBJECTID": 247, "WERK_NR": 247, "WERKART": "Stahlschneebruecke", "BAUJAHR": 1982 }, "geometry": { "type": "LineString", "coordinates": [ [ 7.520819679698101, 46.458256673672174 ], [ 7.520768927360951, 46.458249428051964 ] ] } },
{ "type": "Feature", "properties": { "MNE_ID": 666, "OBJECTID": 248, "WERK_NR": 248, "WERKART": "Stahlschneebruecke", "BAUJAHR": 1982 }, "geometry": { "type": "LineString", "coordinates": [ [ 7.520744912469925, 46.458249970581406 ], [ 7.520691554803451, 46.458248332861864 ] ] } },
{ "type": "Feature", "properties": { "MNE_ID": 666, "OBJECTID": 249, "WERK_NR": 249, "WERKART": "Stahlschneebruecke", "BAUJAHR": 1986 }, "geometry": { "type": "LineString", "coordinates": [ [ 7.522482775571573, 46.458794931567134 ], [ 7.522535163190396, 46.458801937740795 ] ] } },
{ "type": "Feature", "properties": { "MNE_ID": 666, "OBJECTID": 250, "WERK_NR": 250, "WERKART": "Stahlschneebruecke", "BAUJAHR": 1986 }, "geometry": { "type": "LineString", "coordinates": [ [ 7.522460872143241, 46.458789757998261 ], [ 7.522415842173856, 46.458771192441723 ] ] } },
{ "type": "Feature", "properties": { "MNE_ID": 666, "OBJECTID": 252, "WERK_NR": 252, "WERKART": "Stahlschneebruecke", "BAUJAHR": 1986 }, "geometry": { "type": "LineString", "coordinates": [ [ 7.522372438521533, 46.458708655982413 ], [ 7.522346351201917, 46.458677689600897 ] ] } },
{ "type": "Feature", "properties": { "MNE_ID": 666, "OBJECTID": 253, "WERK_NR": 253, "WERKART": "Stahlschneebruecke", "BAUJAHR": 1986 }, "geometry": { "type": "LineString", "coordinates": [ [ 7.522325378729173, 46.458664975196783 ], [ 7.522276092933192, 46.458652704226672 ] ] } },
{ "type": "Feature", "properties": { "MNE_ID": 666, "OBJECTID": 254, "WERK_NR": 254, "WERKART": "Stahlschneebruecke", "BAUJAHR": 1986 }, "geometry": { "type": "LineString", "coordinates": [ [ 7.52225221478796, 46.458649135076776 ], [ 7.522201776708823, 46.458638352789919 ] ] } },
{ "type": "Feature", "properties": { "MNE_ID": 666, "OBJECTID": 255, "WERK_NR": 255, "WERKART": "Stahlschneebruecke", "BAUJAHR": 1986 }, "geometry": { "type": "LineString", "coordinates": [ [ 7.522177381888366, 46.458632273322699 ], [ 7.522128416101891, 46.45861897385592 ] ] } },
{ "type": "Feature", "properties": { "MNE_ID": 666, "OBJECTID": 256, "WERK_NR": 256, "WERKART": "Stahlschneebruecke", "BAUJAHR": 1986 }, "geometry": { "type": "LineString", "coordinates": [ [ 7.522104676293965, 46.458612206630931 ], [ 7.522056378037155, 46.458599588515568 ] ] } },
{ "type": "Feature", "properties": { "MNE_ID": 666, "OBJECTID": 257, "WERK_NR": 257, "WERKART": "Stahlschneebruecke", "BAUJAHR": 1986 }, "geometry": { "type": "LineString", "coordinates": [ [ 7.522032986491622, 46.458594990766287 ], [ 7.521981563232896, 46.458585124851915 ] ] } },
{ "type": "Feature", "properties": { "MNE_ID": 666, "OBJECTID": 258, "WERK_NR": 258, "WERKART": "Stahlschneebruecke", "BAUJAHR": 1986 }, "geometry": { "type": "LineString", "coordinates": [ [ 7.521957500904155, 46.458579385130392 ], [ 7.521908549275822, 46.4585684828916 ] ] } },
{ "type": "Feature", "properties": { "MNE_ID": 666, "OBJECTID": 259, "WERK_NR": 259, "WERKART": "Stahlschneebruecke", "BAUJAHR": 1986 }, "geometry": { "type": "LineString", "coordinates": [ [ 7.521884006995646, 46.458564687456608 ], [ 7.521831494806782, 46.458563733326834 ] ] } },
{ "type": "Feature", "properties": { "MNE_ID": 666, "OBJECTID": 260, "WERK_NR": 260, "WERKART": "Stahlschneebruecke", "BAUJAHR": 1986 }, "geometry": { "type": "LineString", "coordinates": [ [ 7.521808950239194, 46.458561415307251 ], [ 7.521757391581358, 46.458555775532368 ] ] } },
{ "type": "Feature", "properties": { "MNE_ID": 666, "OBJECTID": 261, "WERK_NR": 261, "WERKART": "Stahlschneebruecke", "BAUJAHR": 1986 }, "geometry": { "type": "LineString", "coordinates": [ [ 7.521731853198972, 46.45855175589557 ], [ 7.521682391394234, 46.458539141162348 ] ] } },
{ "type": "Feature", "properties": { "MNE_ID": 666, "OBJECTID": 262, "WERK_NR": 262, "WERKART": "Stahlschneebruecke", "BAUJAHR": 1986 }, "geometry": { "type": "LineString", "coordinates": [ [ 7.521659300260341, 46.458530887298117 ], [ 7.52161475499355, 46.458512315675684 ] ] } },
{ "type": "Feature", "properties": { "MNE_ID": 666, "OBJECTID": 263, "WERK_NR": 263, "WERKART": "Stahlschneebruecke", "BAUJAHR": 1986 }, "geometry": { "type": "LineString", "coordinates": [ [ 7.521593147348027, 46.458502912883937 ], [ 7.521545475084769, 46.458486637378485 ] ] } },
{ "type": "Feature", "properties": { "MNE_ID": 666, "OBJECTID": 264, "WERK_NR": 264, "WERKART": "Stahlschneebruecke", "BAUJAHR": 1986 }, "geometry": { "type": "LineString", "coordinates": [ [ 7.521525879981116, 46.458480768398864 ], [ 7.521477405731628, 46.458467806531523 ] ] } },
{ "type": "Feature", "properties": { "MNE_ID": 666, "OBJECTID": 265, "WERK_NR": 265, "WERKART": "Stahlschneebruecke", "BAUJAHR": 1986 }, "geometry": { "type": "LineString", "coordinates": [ [ 7.521409753343178, 46.458538857792497 ], [ 7.52145854759588, 46.458550789459139 ] ] } },
{ "type": "Feature", "properties": { "MNE_ID": 666, "OBJECTID": 266, "WERK_NR": 266, "WERKART": "Stahlschneebruecke", "BAUJAHR": 1986 }, "geometry": { "type": "LineString", "coordinates": [ [ 7.521384514753858, 46.45853163811875 ], [ 7.521338321924278, 46.458514100273312 ] ] } },
{ "type": "Feature", "properties": { "MNE_ID": 666, "OBJECTID": 267, "WERK_NR": 267, "WERKART": "Stahlschneebruecke", "BAUJAHR": 1982 }, "geometry": { "type": "LineString", "coordinates": [ [ 7.521227959622868, 46.458588271295945 ], [ 7.521183740661119, 46.458569357435977 ] ] } },
{ "type": "Feature", "properties": { "MNE_ID": 666, "OBJECTID": 268, "WERK_NR": 268, "WERKART": "Stahlschneebruecke", "BAUJAHR": 1982 }, "geometry": { "type": "LineString", "coordinates": [ [ 7.521160181113861, 46.458564644483694 ], [ 7.521108605623344, 46.458557290760261 ] ] } },
{ "type": "Feature", "properties": { "MNE_ID": 666, "OBJECTID": 269, "WERK_NR": 269, "WERKART": "Stahlschneebruecke", "BAUJAHR": 1982 }, "geometry": { "type": "LineString", "coordinates": [ [ 7.521083071779523, 46.458554525863313 ], [ 7.521032035115405, 46.45855231001682 ] ] } },
{ "type": "Feature", "properties": { "MNE_ID": 666, "OBJECTID": 270, "WERK_NR": 270, "WERKART": "Stahlschneebruecke", "BAUJAHR": 1982 }, "geometry": { "type": "LineString", "coordinates": [ [ 7.52103751662736, 46.458534244672336 ], [ 7.520988394704884, 46.458523341259379 ] ] } },
{ "type": "Feature", "properties": { "MNE_ID": 666, "OBJECTID": 271, "WERK_NR": 271, "WERKART": "Stahlschneebruecke", "BAUJAHR": 1982 }, "geometry": { "type": "LineString", "coordinates": [ [ 7.520919192031649, 46.458508169410159 ], [ 7.520845984076137, 46.458489471405876 ] ] } },
{ "type": "Feature", "properties": { "MNE_ID": 666, "OBJECTID": 272, "WERK_NR": 272, "WERKART": "Stahlschneebruecke", "BAUJAHR": 1982 }, "geometry": { "type": "LineString", "coordinates": [ [ 7.520821251380995, 46.458483618578896 ], [ 7.520771006552275, 46.458477288350267 ] ] } },
{ "type": "Feature", "properties": { "MNE_ID": 666, "OBJECTID": 273, "WERK_NR": 273, "WERKART": "Stahlschneebruecke", "BAUJAHR": 1982 }, "geometry": { "type": "LineString", "coordinates": [ [ 7.52074939255885, 46.458467885402413 ], [ 7.520704345726553, 46.458449657414413 ] ] } },
{ "type": "Feature", "properties": { "MNE_ID": 666, "OBJECTID": 274, "WERK_NR": 274, "WERKART": "Stahlschneebruecke", "BAUJAHR": 1982 }, "geometry": { "type": "LineString", "coordinates": [ [ 7.520685424776789, 46.458445383630838 ], [ 7.520634009395702, 46.458437913533714 ] ] } },
{ "type": "Feature", "properties": { "MNE_ID": 666, "OBJECTID": 275, "WERK_NR": 275, "WERKART": "Stahlschneebruecke", "BAUJAHR": 1986 }, "geometry": { "type": "LineString", "coordinates": [ [ 7.520808769974603, 46.45869392355258 ], [ 7.520768976507164, 46.458669625181379 ] ] } },
{ "type": "Feature", "properties": { "MNE_ID": 666, "OBJECTID": 276, "WERK_NR": 276, "WERKART": "Stahlschneebruecke", "BAUJAHR": 1986 }, "geometry": { "type": "LineString", "coordinates": [ [ 7.520746882771397, 46.458662395018905 ], [ 7.520696289766241, 46.458654010406391 ] ] } },
{ "type": "Feature", "properties": { "MNE_ID": 666, "OBJECTID": 277, "WERK_NR": 277, "WERKART": "Stahlschneebruecke", "BAUJAHR": 1986 }, "geometry": { "type": "LineString", "coordinates": [ [ 7.520673588457627, 46.458653063206 ], [ 7.520620912600914, 46.458653251076697 ] ] } },
{ "type": "Feature", "properties": { "MNE_ID": 666, "OBJECTID": 278, "WERK_NR": 278, "WERKART": "Stahlschneebruecke", "BAUJAHR": 1986 }, "geometry": { "type": "LineString", "coordinates": [ [ 7.520594901839059, 46.458652773097533 ], [ 7.520542193014696, 46.458649191789945 ] ] } },
{ "type": "Feature", "properties": { "MNE_ID": 666, "OBJECTID": 301, "WERK_NR": 301, "WERKART": "Stahlschneebruecke", "BAUJAHR": 1978 }, "geometry": { "type": "LineString", "coordinates": [ [ 7.523571374188457, 46.457540116832789 ], [ 7.523613281082876, 46.457561331655903 ] ] } },
{ "type": "Feature", "properties": { "MNE_ID": 666, "OBJECTID": 302, "WERK_NR": 302, "WERKART": "Stahlschneebruecke", "BAUJAHR": 1978 }, "geometry": { "type": "LineString", "coordinates": [ [ 7.523549274566325, 46.457530712978539 ], [ 7.523500798553661, 46.457516377446034 ] ] } },
{ "type": "Feature", "properties": { "MNE_ID": 666, "OBJECTID": 303, "WERK_NR": 303, "WERKART": "Stahlschneebruecke", "BAUJAHR": 1974 }, "geometry": { "type": "LineString", "coordinates": [ [ 7.52358187347121, 46.457464686166546 ], [ 7.523538165010694, 46.457445877194949 ] ] } },
{ "type": "Feature", "properties": { "MNE_ID": 666, "OBJECTID": 304, "WERK_NR": 304, "WERKART": "Stahlschneebruecke", "BAUJAHR": 1974 }, "geometry": { "type": "LineString", "coordinates": [ [ 7.523515231854295, 46.457436133916516 ], [ 7.523470367166819, 46.45741789879547 ] ] } },
{ "type": "Feature", "properties": { "MNE_ID": 666, "OBJECTID": 305, "WERK_NR": 305, "WERKART": "Stahlschneebruecke", "BAUJAHR": 1974 }, "geometry": { "type": "LineString", "coordinates": [ [ 7.523516822063439, 46.457365300313711 ], [ 7.52347392421837, 46.457344544964592 ] ] } },
{ "type": "Feature", "properties": { "MNE_ID": 666, "OBJECTID": 306, "WERK_NR": 306, "WERKART": "Stahlschneebruecke", "BAUJAHR": 1974 }, "geometry": { "type": "LineString", "coordinates": [ [ 7.523450675576061, 46.457336973449543 ], [ 7.523401219675499, 46.457324352265005 ] ] } },
{ "type": "Feature", "properties": { "MNE_ID": 666, "OBJECTID": 307, "WERK_NR": 307, "WERKART": "Stahlschneebruecke", "BAUJAHR": 1974 }, "geometry": { "type": "LineString", "coordinates": [ [ 7.523373525707811, 46.457319993656689 ], [ 7.523320687914739, 46.45731983567061 ] ] } },
{ "type": "Feature", "properties": { "MNE_ID": 666, "OBJECTID": 308, "WERK_NR": 308, "WERKART": "Stahlschneebruecke", "BAUJAHR": 1978 }, "geometry": { "type": "LineString", "coordinates": [ [ 7.523467556839843, 46.457543109135059 ], [ 7.52339241582292, 46.457508076355062 ] ] } },
{ "type": "Feature", "properties": { "MNE_ID": 666, "OBJECTID": 309, "WERK_NR": 309, "WERKART": "Stahlschneebruecke", "BAUJAHR": 1978 }, "geometry": { "type": "LineString", "coordinates": [ [ 7.523430316640988, 46.457463163791182 ], [ 7.523381034213998, 46.457451684913536 ] ] } },
{ "type": "Feature", "properties": { "MNE_ID": 666, "OBJECTID": 310, "WERK_NR": 310, "WERKART": "Stahlschneebruecke", "BAUJAHR": 1978 }, "geometry": { "type": "LineString", "coordinates": [ [ 7.523354167671956, 46.457447095401271 ], [ 7.523302769718769, 46.457440421714082 ] ] } },
{ "type": "Feature", "properties": { "MNE_ID": 666, "OBJECTID": 311, "WERK_NR": 311, "WERKART": "Stahlschneebruecke", "BAUJAHR": 1978 }, "geometry": { "type": "LineString", "coordinates": [ [ 7.523281229754035, 46.457439354536852 ], [ 7.523229208107686, 46.45743759558475 ] ] } },
{ "type": "Feature", "properties": { "MNE_ID": 666, "OBJECTID": 312, "WERK_NR": 312, "WERKART": "Stahlschneebruecke", "BAUJAHR": 1978 }, "geometry": { "type": "LineString", "coordinates": [ [ 7.523499882541201, 46.457651056975401 ], [ 7.523423593597046, 46.457617057762626 ] ] } },
{ "type": "Feature", "properties": { "MNE_ID": 666, "OBJECTID": 313, "WERK_NR": 313, "WERKART": "Stahlschneebruecke", "BAUJAHR": 1978 }, "geometry": { "type": "LineString", "coordinates": [ [ 7.523396071232302, 46.457613499643223 ], [ 7.523343569156007, 46.457613456563493 ] ] } },
{ "type": "Feature", "properties": { "MNE_ID": 666, "OBJECTID": 314, "WERK_NR": 314, "WERKART": "Aluschneebruecke", "BAUJAHR": 1978 }, "geometry": { "type": "LineString", "coordinates": [ [ 7.52338754187672, 46.457561554429965 ], [ 7.523327614082475, 46.457564964850604 ] ] } },
{ "type": "Feature", "properties": { "MNE_ID": 666, "OBJECTID": 315, "WERK_NR": 315, "WERKART": "Aluschneebruecke", "BAUJAHR": 1978 }, "geometry": { "type": "LineString", "coordinates": [ [ 7.523319417864709, 46.457565131922991 ], [ 7.523261143917033, 46.457568192957083 ] ] } },
{ "type": "Feature", "properties": { "MNE_ID": 666, "OBJECTID": 316, "WERK_NR": 316, "WERKART": "Stahlschneebruecke", "BAUJAHR": 1978 }, "geometry": { "type": "LineString", "coordinates": [ [ 7.523422681645305, 46.457751963077932 ], [ 7.523385545358799, 46.45772662286624 ] ] } },
{ "type": "Feature", "properties": { "MNE_ID": 666, "OBJECTID": 317, "WERK_NR": 317, "WERKART": "Stahlschneebruecke", "BAUJAHR": 1978 }, "geometry": { "type": "LineString", "coordinates": [ [ 7.523359820948034, 46.457719973413653 ], [ 7.523308291889741, 46.457717070790274 ] ] } },
{ "type": "Feature", "properties": { "MNE_ID": 666, "OBJECTID": 318, "WERK_NR": 318, "WERKART": "Stahlschneebruecke", "BAUJAHR": 1978 }, "geometry": { "type": "LineString", "coordinates": [ [ 7.523316319691027, 46.457685402075114 ], [ 7.523264634162175, 46.457683985624172 ] ] } },
{ "type": "Feature", "properties": { "MNE_ID": 666, "OBJECTID": 319, "WERK_NR": 319, "WERKART": "Stahlschneebruecke", "BAUJAHR": 1978 }, "geometry": { "type": "LineString", "coordinates": [ [ 7.523240445082855, 46.457682815144643 ], [ 7.523161763824197, 46.457681721705512 ] ] } },
{ "type": "Feature", "properties": { "MNE_ID": 666, "OBJECTID": 320, "WERK_NR": 320, "WERKART": "Aluschneerechen", "BAUJAHR": 1960 }, "geometry": { "type": "LineString", "coordinates": [ [ 7.523166664777872, 46.457652347389271 ], [ 7.523102720235478, 46.457650858936375 ] ] } },
{ "type": "Feature", "properties": { "MNE_ID": 666, "OBJECTID": 322, "WERK_NR": 322, "WERKART": "Stahlschneebruecke", "BAUJAHR": 1967 }, "geometry": { "type": "LineString", "coordinates": [ [ 7.523347547005457, 46.457830667306773 ], [ 7.523299407315816, 46.457816792015706 ] ] } },
{ "type": "Feature", "properties": { "MNE_ID": 666, "OBJECTID": 323, "WERK_NR": 323, "WERKART": "Stahlschneebruecke", "BAUJAHR": 1967 }, "geometry": { "type": "LineString", "coordinates": [ [ 7.523275672148927, 46.457810368665108 ], [ 7.523224613180553, 46.45780427131151 ] ] } },
{ "type": "Feature", "properties": { "MNE_ID": 666, "OBJECTID": 324, "WERK_NR": 324, "WERKART": "Stahlschneebruecke", "BAUJAHR": 1967 }, "geometry": { "type": "LineString", "coordinates": [ [ 7.523219104405326, 46.45777801805307 ], [ 7.523167399654014, 46.457774322081356 ] ] } },
{ "type": "Feature", "properties": { "MNE_ID": 666, "OBJECTID": 325, "WERK_NR": 325, "WERKART": "Stahlschneebruecke", "BAUJAHR": 1967 }, "geometry": { "type": "LineString", "coordinates": [ [ 7.523142380091278, 46.457773157590189 ], [ 7.523091999124954, 46.457769457910295 ] ] } },
{ "type": "Feature", "properties": { "MNE_ID": 666, "OBJECTID": 326, "WERK_NR": 326, "WERKART": "Stahlschneebruecke", "BAUJAHR": 1967 }, "geometry": { "type": "LineString", "coordinates": [ [ 7.523066315550731, 46.457768181445971 ], [ 7.5230146354461, 46.457767798473967 ] ] } },
{ "type": "Feature", "properties": { "MNE_ID": 666, "OBJECTID": 327, "WERK_NR": 327, "WERKART": "Stahlschneebruecke", "BAUJAHR": 1967 }, "geometry": { "type": "LineString", "coordinates": [ [ 7.522990128350179, 46.457768916661117 ], [ 7.522938456335624, 46.457769561848039 ] ] } },
{ "type": "Feature", "properties": { "MNE_ID": 666, "OBJECTID": 328, "WERK_NR": 328, "WERKART": "Stahlschneebruecke", "BAUJAHR": 1967 }, "geometry": { "type": "LineString", "coordinates": [ [ 7.523297215544269, 46.457958450387309 ], [ 7.523257786534391, 46.457936207219241 ] ] } },
{ "type": "Feature", "properties": { "MNE_ID": 666, "OBJECTID": 329, "WERK_NR": 329, "WERKART": "Stahlschneebruecke", "BAUJAHR": 1967 }, "geometry": { "type": "LineString", "coordinates": [ [ 7.523240483983048, 46.457926331993797 ], [ 7.523191192388634, 46.457913376858862 ] ] } },
{ "type": "Feature", "properties": { "MNE_ID": 666, "OBJECTID": 330, "WERK_NR": 330, "WERKART": "Stahlschneebruecke", "BAUJAHR": 1968 }, "geometry": { "type": "LineString", "coordinates": [ [ 7.523139046888093, 46.457895747880549 ], [ 7.523188989414952, 46.457907102237272 ] ] } },
{ "type": "Feature", "properties": { "MNE_ID": 666, "OBJECTID": 331, "WERK_NR": 331, "WERKART": "Stahlschneebruecke", "BAUJAHR": 1968 }, "geometry": { "type": "LineString", "coordinates": [ [ 7.523131911388258, 46.457894174404736 ], [ 7.523083115002986, 46.457881559792135 ] ] } },
{ "type": "Feature", "properties": { "MNE_ID": 666, "OBJECTID": 332, "WERK_NR": 332, "WERKART": "Stahlschneebruecke", "BAUJAHR": 1968 }, "geometry": { "type": "LineString", "coordinates": [ [ 7.523078298866639, 46.457879863164798 ], [ 7.523028674657854, 46.457867250937234 ] ] } },
{ "type": "Feature", "properties": { "MNE_ID": 666, "OBJECTID": 333, "WERK_NR": 333, "WERKART": "Stahlschneebruecke", "BAUJAHR": 1967 }, "geometry": { "type": "LineString", "coordinates": [ [ 7.523023205732427, 46.457866814174757 ], [ 7.522971504746728, 46.45786391962082 ] ] } },
{ "type": "Feature", "properties": { "MNE_ID": 666, "OBJECTID": 334, "WERK_NR": 334, "WERKART": "Stahlschneebruecke", "BAUJAHR": 1967 }, "geometry": { "type": "LineString", "coordinates": [ [ 7.522949627571277, 46.457862058315058 ], [ 7.522897596676827, 46.457859620947552 ] ] } },
{ "type": "Feature", "properties": { "MNE_ID": 666, "OBJECTID": 335, "WERK_NR": 335, "WERKART": "Stahlschneebruecke", "BAUJAHR": 1967 }, "geometry": { "type": "LineString", "coordinates": [ [ 7.522874736617196, 46.457859362469442 ], [ 7.52282273642957, 46.457860810254026 ] ] } },
{ "type": "Feature", "properties": { "MNE_ID": 666, "OBJECTID": 338, "WERK_NR": 338, "WERKART": "Stahlschneebruecke", "BAUJAHR": 1973 }, "geometry": { "type": "LineString", "coordinates": [ [ 7.523155235024506, 46.457994957662379 ], [ 7.523103682153845, 46.457989436337989 ] ] } },
{ "type": "Feature", "properties": { "MNE_ID": 666, "OBJECTID": 339, "WERK_NR": 339, "WERKART": "Stahlschneebruecke", "BAUJAHR": 1973 }, "geometry": { "type": "LineString", "coordinates": [ [ 7.523078816225566, 46.457986671398572 ], [ 7.523028556435177, 46.457977261180488 ] ] } },
{ "type": "Feature", "properties": { "MNE_ID": 666, "OBJECTID": 340, "WERK_NR": 340, "WERKART": "Stahlschneebruecke", "BAUJAHR": 1968 }, "geometry": { "type": "LineString", "coordinates": [ [ 7.522974156640197, 46.457968208411295 ], [ 7.523024239880684, 46.457976248750107 ] ] } },
{ "type": "Feature", "properties": { "MNE_ID": 666, "OBJECTID": 341, "WERK_NR": 341, "WERKART": "Stahlschneebruecke", "BAUJAHR": 1968 }, "geometry": { "type": "LineString", "coordinates": [ [ 7.522950815486936, 46.457970009399958 ], [ 7.522899167375727, 46.457973626704671 ] ] } },
{ "type": "Feature", "properties": { "MNE_ID": 666, "OBJECTID": 342, "WERK_NR": 342, "WERKART": "Stahlschneebruecke", "BAUJAHR": 1968 }, "geometry": { "type": "LineString", "coordinates": [ [ 7.522875325503493, 46.457974856823618 ], [ 7.522824500977163, 46.457978243201687 ] ] } },
{ "type": "Feature", "properties": { "MNE_ID": 666, "OBJECTID": 343, "WERK_NR": 343, "WERKART": "Stahlschneebruecke", "BAUJAHR": 1968 }, "geometry": { "type": "LineString", "coordinates": [ [ 7.522801486949048, 46.457979469099364 ], [ 7.522749332902062, 46.457982517284144 ] ] } },
{ "type": "Feature", "properties": { "MNE_ID": 666, "OBJECTID": 344, "WERK_NR": 344, "WERKART": "Stahlschneebruecke", "BAUJAHR": 1968 }, "geometry": { "type": "LineString", "coordinates": [ [ 7.522741715995884, 46.457982774745787 ], [ 7.522688565653618, 46.457985483598549 ] ] } },
{ "type": "Feature", "properties": { "MNE_ID": 666, "OBJECTID": 336, "WERK_NR": 336, "WERKART": "Stahlschneebruecke", "BAUJAHR": 1973 }, "geometry": { "type": "LineString", "coordinates": [ [ 7.523193990271648, 46.458099334087244 ], [ 7.523152736882767, 46.45807664154681 ] ] } },
{ "type": "Feature", "properties": { "MNE_ID": 666, "OBJECTID": 337, "WERK_NR": 337, "WERKART": "Stahlschneebruecke", "BAUJAHR": 1973 }, "geometry": { "type": "LineString", "coordinates": [ [ 7.523152358228356, 46.458070818060328 ], [ 7.523128252537693, 46.458038580216318 ] ] } },
{ "type": "Feature", "properties": { "MNE_ID": 666, "OBJECTID": 345, "WERK_NR": 345, "WERKART": "Stahlschneebruecke", "BAUJAHR": 1974 }, "geometry": { "type": "LineString", "coordinates": [ [ 7.523058960363782, 46.458218746063871 ], [ 7.523031225861645, 46.458188350474387 ] ] } },
{ "type": "Feature", "properties": { "MNE_ID": 666, "OBJECTID": 346, "WERK_NR": 346, "WERKART": "Stahlschneebruecke", "BAUJAHR": 1974 }, "geometry": { "type": "LineString", "coordinates": [ [ 7.523022879997767, 46.458180157104621 ], [ 7.522976533874681, 46.458162966370097 ] ] } },
{ "type": "Feature", "properties": { "MNE_ID": 666, "OBJECTID": 347, "WERK_NR": 347, "WERKART": "Stahlschneebruecke", "BAUJAHR": 1974 }, "geometry": { "type": "LineString", "coordinates": [ [ 7.522952484682512, 46.45815894321462 ], [ 7.522902551896959, 46.45814896327748 ] ] } },
{ "type": "Feature", "properties": { "MNE_ID": 666, "OBJECTID": 348, "WERK_NR": 348, "WERKART": "Stahlschneebruecke", "BAUJAHR": 1974 }, "geometry": { "type": "LineString", "coordinates": [ [ 7.522901358473344, 46.458103388736667 ], [ 7.522848025306556, 46.458103243487571 ] ] } },
{ "type": "Feature", "properties": { "MNE_ID": 666, "OBJECTID": 349, "WERK_NR": 349, "WERKART": "Stahlschneebruecke", "BAUJAHR": 1974 }, "geometry": { "type": "LineString", "coordinates": [ [ 7.522822848905546, 46.458103451772885 ], [ 7.522770869089079, 46.458107299550392 ] ] } },
{ "type": "Feature", "properties": { "MNE_ID": 666, "OBJECTID": 350, "WERK_NR": 350, "WERKART": "Stahlschneebruecke", "BAUJAHR": 1974 }, "geometry": { "type": "LineString", "coordinates": [ [ 7.522747038721892, 46.458110129055399 ], [ 7.522670435962765, 46.45812115085343 ] ] } },
{ "type": "Feature", "properties": { "MNE_ID": 666, "OBJECTID": 351, "WERK_NR": 351, "WERKART": "Stahlschneebruecke", "BAUJAHR": 1974 }, "geometry": { "type": "LineString", "coordinates": [ [ 7.522946472918944, 46.458381820454832 ], [ 7.522909331475274, 46.458355801821398 ] ] } },
{ "type": "Feature", "properties": { "MNE_ID": 666, "OBJECTID": 352, "WERK_NR": 352, "WERKART": "Stahlschneebruecke", "BAUJAHR": 1974 }, "geometry": { "type": "LineString", "coordinates": [ [ 7.522892003111958, 46.458342730417542 ], [ 7.52285074906912, 46.45832049744412 ] ] } },
{ "type": "Feature", "properties": { "MNE_ID": 666, "OBJECTID": 353, "WERK_NR": 353, "WERKART": "Stahlschneebruecke", "BAUJAHR": 1974 }, "geometry": { "type": "LineString", "coordinates": [ [ 7.522857225835002, 46.458260161754374 ], [ 7.522805890588932, 46.458261724186677 ] ] } },
{ "type": "Feature", "properties": { "MNE_ID": 666, "OBJECTID": 354, "WERK_NR": 354, "WERKART": "Stahlschneebruecke", "BAUJAHR": 1974 }, "geometry": { "type": "LineString", "coordinates": [ [ 7.522780717066946, 46.458262160049706 ], [ 7.522728056730644, 46.45826372791651 ] ] } },
{ "type": "Feature", "properties": { "MNE_ID": 666, "OBJECTID": 355, "WERK_NR": 355, "WERKART": "Stahlschneebruecke", "BAUJAHR": 1974 }, "geometry": { "type": "LineString", "coordinates": [ [ 7.522704046113932, 46.458264502944559 ], [ 7.52265222979513, 46.458268122958536 ] ] } },
{ "type": "Feature", "properties": { "MNE_ID": 666, "OBJECTID": 356, "WERK_NR": 356, "WERKART": "Stahlschneebruecke", "BAUJAHR": 1974 }, "geometry": { "type": "LineString", "coordinates": [ [ 7.522853745420067, 46.458509294450174 ], [ 7.52278056774738, 46.458471762639263 ] ] } },
{ "type": "Feature", "properties": { "MNE_ID": 666, "OBJECTID": 357, "WERK_NR": 357, "WERKART": "Stahlschneebruecke", "BAUJAHR": 1974 }, "geometry": { "type": "LineString", "coordinates": [ [ 7.52277524607377, 46.458468927524066 ], [ 7.522731354844998, 46.458448419102886 ] ] } },
{ "type": "Feature", "properties": { "MNE_ID": 666, "OBJECTID": 358, "WERK_NR": 358, "WERKART": "Stahlschneebruecke", "BAUJAHR": 1974 }, "geometry": { "type": "LineString", "coordinates": [ [ 7.522766386238953, 46.45839643021143 ], [ 7.522674910937997, 46.458390946056689 ] ] } },
{ "type": "Feature", "properties": { "MNE_ID": 666, "OBJECTID": 359, "WERK_NR": 359, "WERKART": "Stahlschneebruecke", "BAUJAHR": 1974 }, "geometry": { "type": "LineString", "coordinates": [ [ 7.522647898513431, 46.45838910554582 ], [ 7.522596189674057, 46.458385645001684 ] ] } },
{ "type": "Feature", "properties": { "MNE_ID": 666, "OBJECTID": 361, "WERK_NR": 361, "WERKART": "Stahlschneebruecke", "BAUJAHR": 1986 }, "geometry": { "type": "LineString", "coordinates": [ [ 7.522670441551923, 46.458598390161669 ], [ 7.522629185931282, 46.458576044663673 ] ] } },
{ "type": "Feature", "properties": { "MNE_ID": 666, "OBJECTID": 362, "WERK_NR": 362, "WERKART": "Stahlschneebruecke", "BAUJAHR": 1986 }, "geometry": { "type": "LineString", "coordinates": [ [ 7.522606273943386, 46.458569277837086 ], [ 7.522556511989345, 46.458560557009527 ] ] } },
{ "type": "Feature", "properties": { "MNE_ID": 666, "OBJECTID": 363, "WERK_NR": 363, "WERKART": "Stahlschneebruecke", "BAUJAHR": 1986 }, "geometry": { "type": "LineString", "coordinates": [ [ 7.522531628713986, 46.458555966751121 ], [ 7.522478928205345, 46.458552738965608 ] ] } },
{ "type": "Feature", "properties": { "MNE_ID": 666, "OBJECTID": 364, "WERK_NR": 364, "WERKART": "Stahlschneebruecke", "BAUJAHR": 1986 }, "geometry": { "type": "LineString", "coordinates": [ [ 7.522706322897244, 46.458756669720358 ], [ 7.522662604161228, 46.458736734167246 ] ] } },
{ "type": "Feature", "properties": { "MNE_ID": 666, "OBJECTID": 365, "WERK_NR": 365, "WERKART": "Stahlschneebruecke", "BAUJAHR": 1986 }, "geometry": { "type": "LineString", "coordinates": [ [ 7.52263903763782, 46.458730998724889 ], [ 7.522587798936961, 46.458723655322316 ] ] } },
{ "type": "Feature", "properties": { "MNE_ID": 666, "OBJECTID": 400, "WERK_NR": 400, "WERKART": "Stahlschneebruecke", "BAUJAHR": 1972 }, "geometry": { "type": "LineString", "coordinates": [ [ 7.523942661471128, 46.458034307259126 ], [ 7.523899133904947, 46.458015850920319 ] ] } },
{ "type": "Feature", "properties": { "MNE_ID": 666, "OBJECTID": 401, "WERK_NR": 401, "WERKART": "Stahlschneebruecke", "BAUJAHR": 1972 }, "geometry": { "type": "LineString", "coordinates": [ [ 7.523874896438316, 46.458007946489488 ], [ 7.523824309302136, 46.457997396222254 ] ] } },
{ "type": "Feature", "properties": { "MNE_ID": 666, "OBJECTID": 402, "WERK_NR": 402, "WERKART": "Stahlschneebruecke", "BAUJAHR": 1972 }, "geometry": { "type": "LineString", "coordinates": [ [ 7.523834871409072, 46.458140815470699 ], [ 7.523790189525371, 46.458123392644808 ] ] } },
{ "type": "Feature", "properties": { "MNE_ID": 666, "OBJECTID": 403, "WERK_NR": 403, "WERKART": "Stahlschneebruecke", "BAUJAHR": 1972 }, "geometry": { "type": "LineString", "coordinates": [ [ 7.523767115110153, 46.45811593890776 ], [ 7.523716542981374, 46.458107560124404 ] ] } },
{ "type": "Feature", "properties": { "MNE_ID": 666, "OBJECTID": 404, "WERK_NR": 404, "WERKART": "Stahlschneebruecke", "BAUJAHR": 1972 }, "geometry": { "type": "LineString", "coordinates": [ [ 7.523690371470267, 46.458106516250204 ], [ 7.523639020308409, 46.458104423250788 ] ] } },
{ "type": "Feature", "properties": { "MNE_ID": 666, "OBJECTID": 405, "WERK_NR": 405, "WERKART": "Stahlschneebruecke", "BAUJAHR": 1972 }, "geometry": { "type": "LineString", "coordinates": [ [ 7.523631220035608, 46.458102279976579 ], [ 7.523540441578099, 46.458098506071416 ] ] } },
{ "type": "Feature", "properties": { "MNE_ID": 666, "OBJECTID": 406, "WERK_NR": 406, "WERKART": "Stahlschneebruecke", "BAUJAHR": 1972 }, "geometry": { "type": "LineString", "coordinates": [ [ 7.52379043978216, 46.458345533939784 ], [ 7.523759418540459, 46.458317098415208 ] ] } },
{ "type": "Feature", "properties": { "MNE_ID": 666, "OBJECTID": 407, "WERK_NR": 407, "WERKART": "Stahlschneebruecke", "BAUJAHR": 1972 }, "geometry": { "type": "LineString", "coordinates": [ [ 7.52375305816917, 46.458308442150326 ], [ 7.523710674197204, 46.458288042735887 ] ] } },
{ "type": "Feature", "properties": { "MNE_ID": 666, "OBJECTID": 408, "WERK_NR": 408, "WERKART": "Stahlschneebruecke", "BAUJAHR": 1972 }, "geometry": { "type": "LineString", "coordinates": [ [ 7.523635708996583, 46.458273133192087 ], [ 7.523687098055898, 46.458280250219701 ] ] } },
{ "type": "Feature", "properties": { "MNE_ID": 666, "OBJECTID": 412, "WERK_NR": 412, "WERKART": "Stahlschneebruecke", "BAUJAHR": 1973 }, "geometry": { "type": "LineString", "coordinates": [ [ 7.523613180241681, 46.458377491898084 ], [ 7.523686200296679, 46.458397889328673 ] ] } },
{ "type": "Feature", "properties": { "MNE_ID": 666, "OBJECTID": 409, "WERK_NR": 409, "WERKART": "Stahlschneebruecke", "BAUJAHR": 1972 }, "geometry": { "type": "LineString", "coordinates": [ [ 7.523646203158847, 46.458238829607978 ], [ 7.52359452953098, 46.45823787927133 ] ] } },
{ "type": "Feature", "properties": { "MNE_ID": 666, "OBJECTID": 410, "WERK_NR": 410, "WERKART": "Stahlschneebruecke", "BAUJAHR": 1972 }, "geometry": { "type": "LineString", "coordinates": [ [ 7.523570519177149, 46.458237969016224 ], [ 7.523518536632475, 46.45824010527145 ] ] } },
{ "type": "Feature", "properties": { "MNE_ID": 666, "OBJECTID": 411, "WERK_NR": 411, "WERKART": "Stahlschneebruecke", "BAUJAHR": 1972 }, "geometry": { "type": "LineString", "coordinates": [ [ 7.523495367021331, 46.458241791101223 ], [ 7.523444259441336, 46.458249977130286 ] ] } },
{ "type": "Feature", "properties": { "MNE_ID": 666, "OBJECTID": 413, "WERK_NR": 413, "WERKART": "Stahlschneebruecke", "BAUJAHR": 1973 }, "geometry": { "type": "LineString", "coordinates": [ [ 7.523615606736432, 46.458370059717062 ], [ 7.523565199708222, 46.458361682542929 ] ] } },
{ "type": "Feature", "properties": { "MNE_ID": 666, "OBJECTID": 414, "WERK_NR": 414, "WERKART": "Stahlschneebruecke", "BAUJAHR": 1973 }, "geometry": { "type": "LineString", "coordinates": [ [ 7.523541489172615, 46.458357888649878 ], [ 7.523490429378682, 46.458350770413126 ] ] } },
{ "type": "Feature", "properties": { "MNE_ID": 666, "OBJECTID": 415, "WERK_NR": 415, "WERKART": "Stahlschneebruecke", "BAUJAHR": 1973 }, "geometry": { "type": "LineString", "coordinates": [ [ 7.523484291412195, 46.458349537155691 ], [ 7.523433889564697, 46.458341958730614 ] ] } },
{ "type": "Feature", "properties": { "MNE_ID": 666, "OBJECTID": 416, "WERK_NR": 416, "WERKART": "Stahlschneebruecke", "BAUJAHR": 1973 }, "geometry": { "type": "LineString", "coordinates": [ [ 7.523407201557333, 46.458338632084022 ], [ 7.523355024694728, 46.45833722863069 ] ] } },
{ "type": "Feature", "properties": { "MNE_ID": 666, "OBJECTID": 419, "WERK_NR": 419, "WERKART": "Stahlschneebruecke", "BAUJAHR": 1973 }, "geometry": { "type": "LineString", "coordinates": [ [ 7.52357725535032, 46.458525983143851 ], [ 7.523514409138882, 46.45849389999988 ] ] } },
{ "type": "Feature", "properties": { "MNE_ID": 666, "OBJECTID": 420, "WERK_NR": 420, "WERKART": "Stahlschneebruecke", "BAUJAHR": 1973 }, "geometry": { "type": "LineString", "coordinates": [ [ 7.523491502281776, 46.458487133348257 ], [ 7.523417666086659, 46.458468452760158 ] ] } },
{ "type": "Feature", "properties": { "MNE_ID": 666, "OBJECTID": 421, "WERK_NR": 421, "WERKART": "Stahlschneebruecke", "BAUJAHR": 1973 }, "geometry": { "type": "LineString", "coordinates": [ [ 7.523409067179715, 46.458470084623713 ], [ 7.523334432015244, 46.458455745858906 ] ] } },
{ "type": "Feature", "properties": { "MNE_ID": 666, "OBJECTID": 422, "WERK_NR": 422, "WERKART": "Stahlschneebruecke", "BAUJAHR": 1973 }, "geometry": { "type": "LineString", "coordinates": [ [ 7.523325340483543, 46.458457835956949 ], [ 7.523235983191057, 46.458445836961346 ] ] } },
{ "type": "Feature", "properties": { "MNE_ID": 666, "OBJECTID": 701, "WERK_NR": 701, "WERKART": "Stahlschneebruecke", "BAUJAHR": 1969 }, "geometry": { "type": "LineString", "coordinates": [ [ 7.525620522104966, 46.459094077945373 ], [ 7.525551979173332, 46.459067747552567 ] ] } },
{ "type": "Feature", "properties": { "MNE_ID": 666, "OBJECTID": 702, "WERK_NR": 702, "WERKART": "Stahlschneebruecke", "BAUJAHR": 1969 }, "geometry": { "type": "LineString", "coordinates": [ [ 7.525528917719942, 46.459059845282184 ], [ 7.525480496154743, 46.459046563041277 ] ] } },
{ "type": "Feature", "properties": { "MNE_ID": 666, "OBJECTID": 703, "WERK_NR": 703, "WERKART": "Stahlschneebruecke", "BAUJAHR": 1969 }, "geometry": { "type": "LineString", "coordinates": [ [ 7.525507732072127, 46.458993718324102 ], [ 7.525456552911046, 46.458988207680221 ] ] } },
{ "type": "Feature", "properties": { "MNE_ID": 666, "OBJECTID": 704, "WERK_NR": 704, "WERKART": "Stahlschneebruecke", "BAUJAHR": 1969 }, "geometry": { "type": "LineString", "coordinates": [ [ 7.52544031022074, 46.458984731473031 ], [ 7.525390587106564, 46.458974764165895 ] ] } },
{ "type": "Feature", "properties": { "MNE_ID": 666, "OBJECTID": 705, "WERK_NR": 705, "WERKART": "Stahlschneebruecke", "BAUJAHR": 1969 }, "geometry": { "type": "LineString", "coordinates": [ [ 7.525364742916429, 46.458971095507614 ], [ 7.525313227056758, 46.458965015630852 ] ] } },
{ "type": "Feature", "properties": { "MNE_ID": 666, "OBJECTID": 706, "WERK_NR": 706, "WERKART": "Stahlschneebruecke", "BAUJAHR": 1969 }, "geometry": { "type": "LineString", "coordinates": [ [ 7.525313227056758, 46.458965015630852 ], [ 7.52528819780118, 46.458959746917671 ] ] } },
{ "type": "Feature", "properties": { "MNE_ID": 666, "OBJECTID": 707, "WERK_NR": 707, "WERKART": "Stahlschneebruecke", "BAUJAHR": 1969 }, "geometry": { "type": "LineString", "coordinates": [ [ 7.525282581987191, 46.458955404476079 ], [ 7.525230884571963, 46.458947269199541 ] ] } },
{ "type": "Feature", "properties": { "MNE_ID": 666, "OBJECTID": 708, "WERK_NR": 708, "WERKART": "Stahlschneebruecke", "BAUJAHR": 1969 }, "geometry": { "type": "LineString", "coordinates": [ [ 7.525563611534485, 46.459270655674068 ], [ 7.525523395221277, 46.459248098143242 ] ] } },
{ "type": "Feature", "properties": { "MNE_ID": 666, "OBJECTID": 709, "WERK_NR": 709, "WERKART": "Stahlschneebruecke", "BAUJAHR": 1969 }, "geometry": { "type": "LineString", "coordinates": [ [ 7.525510456691988, 46.459244153469456 ], [ 7.525466948366274, 46.459224004741067 ] ] } },
{ "type": "Feature", "properties": { "MNE_ID": 666, "OBJECTID": 710, "WERK_NR": 710, "WERKART": "Stahlschneebruecke", "BAUJAHR": 1969 }, "geometry": { "type": "LineString", "coordinates": [ [ 7.525444376328314, 46.459215303271769 ], [ 7.525397765896599, 46.459200759338046 ] ] } },
{ "type": "Feature", "properties": { "MNE_ID": 666, "OBJECTID": 711, "WERK_NR": 711, "WERKART": "Stahlschneebruecke", "BAUJAHR": 1969 }, "geometry": { "type": "LineString", "coordinates": [ [ 7.525445833783914, 46.459123864372657 ], [ 7.525394357726957, 46.459122465824073 ] ] } },
{ "type": "Feature", "properties": { "MNE_ID": 666, "OBJECTID": 712, "WERK_NR": 712, "WERKART": "Stahlschneebruecke", "BAUJAHR": 1969 }, "geometry": { "type": "LineString", "coordinates": [ [ 7.525388729092939, 46.459122372929151 ], [ 7.525336741191447, 46.459119149529954 ] ] } },
{ "type": "Feature", "properties": { "MNE_ID": 666, "OBJECTID": 713, "WERK_NR": 713, "WERKART": "Stahlschneebruecke", "BAUJAHR": 1969 }, "geometry": { "type": "LineString", "coordinates": [ [ 7.525311731458352, 46.459116393284312 ], [ 7.525262509355311, 46.459107223454033 ] ] } },
{ "type": "Feature", "properties": { "MNE_ID": 666, "OBJECTID": 714, "WERK_NR": 714, "WERKART": "Stahlschneebruecke", "BAUJAHR": 1969 }, "geometry": { "type": "LineString", "coordinates": [ [ 7.525239296278389, 46.459101377638426 ], [ 7.525190710695639, 46.459088894208904 ] ] } },
{ "type": "Feature", "properties": { "MNE_ID": 666, "OBJECTID": 715, "WERK_NR": 715, "WERKART": "Stahlschneebruecke", "BAUJAHR": 1969 }, "geometry": { "type": "LineString", "coordinates": [ [ 7.525169149280655, 46.459082927490726 ], [ 7.525120226996065, 46.459069873962633 ] ] } },
{ "type": "Feature", "properties": { "MNE_ID": 666, "OBJECTID": 716, "WERK_NR": 716, "WERKART": "Stahlschneebruecke", "BAUJAHR": 1969 }, "geometry": { "type": "LineString", "coordinates": [ [ 7.525349119411741, 46.459288842574843 ], [ 7.52529767794401, 46.45929212617721 ] ] } },
{ "type": "Feature", "properties": { "MNE_ID": 666, "OBJECTID": 717, "WERK_NR": 717, "WERKART": "Stahlschneebruecke", "BAUJAHR": 1969 }, "geometry": { "type": "LineString", "coordinates": [ [ 7.525275003234848, 46.459291757396137 ], [ 7.525223829929906, 46.459286820563371 ] ] } },
{ "type": "Feature", "properties": { "MNE_ID": 666, "OBJECTID": 718, "WERK_NR": 718, "WERKART": "Stahlschneebruecke", "BAUJAHR": 1969 }, "geometry": { "type": "LineString", "coordinates": [ [ 7.525218518786868, 46.459285014653894 ], [ 7.525171732669156, 46.459269672848258 ] ] } },
{ "type": "Feature", "properties": { "MNE_ID": 666, "OBJECTID": 719, "WERK_NR": 719, "WERKART": "Stahlschneebruecke", "BAUJAHR": 1969 }, "geometry": { "type": "LineString", "coordinates": [ [ 7.525149334464325, 46.459262226078373 ], [ 7.525102546902413, 46.459246769101355 ] ] } },
{ "type": "Feature", "properties": { "MNE_ID": 666, "OBJECTID": 720, "WERK_NR": 720, "WERKART": "Stahlschneebruecke", "BAUJAHR": 1969 }, "geometry": { "type": "LineString", "coordinates": [ [ 7.525080281531296, 46.459240174103016 ], [ 7.525032236555433, 46.459226353448834 ] ] } },
{ "type": "Feature", "properties": { "MNE_ID": 666, "OBJECTID": 721, "WERK_NR": 721, "WERKART": "Stahlschneebruecke", "BAUJAHR": 1969 }, "geometry": { "type": "LineString", "coordinates": [ [ 7.525063520090245, 46.459195051203309 ], [ 7.525015143404882, 46.459181342337516 ] ] } },
{ "type": "Feature", "properties": { "MNE_ID": 666, "OBJECTID": 722, "WERK_NR": 722, "WERKART": "Stahlschneebruecke", "BAUJAHR": 1969 }, "geometry": { "type": "LineString", "coordinates": [ [ 7.524993345566428, 46.459175693309426 ], [ 7.524944289303323, 46.459164378660027 ] ] } },
{ "type": "Feature", "properties": { "MNE_ID": 666, "OBJECTID": 417, "WERK_NR": 417, "WERKART": "Stahlschneebruecke", "BAUJAHR": 1973 }, "geometry": { "type": "LineString", "coordinates": [ [ 7.523746247826028, 46.458504489685964 ], [ 7.523708677844126, 46.458478586775868 ] ] } },
{ "type": "Feature", "properties": { "MNE_ID": 666, "OBJECTID": 418, "WERK_NR": 418, "WERKART": "Stahlschneebruecke", "BAUJAHR": 1973 }, "geometry": { "type": "LineString", "coordinates": [ [ 7.523688894597603, 46.458466545513708 ], [ 7.523652319741366, 46.458440188467804 ] ] } },
{ "type": "Feature", "properties": { "MNE_ID": 666, "OBJECTID": 366, "WERK_NR": 366, "WERKART": "Aluschneerechen", "BAUJAHR": 1960 }, "geometry": { "type": "LineString", "coordinates": [ [ 7.523254951933871, 46.457568164240847 ], [ 7.523203876627572, 46.457569042095244 ] ] } },
{ "type": "Feature", "properties": { "MNE_ID": 666, "OBJECTID": 321, "WERK_NR": 321, "WERKART": "Aluschneerechen", "BAUJAHR": 1960 }, "geometry": { "type": "LineString", "coordinates": [ [ 7.523101851682601, 46.457653163354621 ], [ 7.523044693697866, 46.457653205424648 ] ] } }
]
}
